,車站種類,車站編號,車站名稱,村里數量,納稅單位,綜合所得總額,所得平均,戶數,人口,男性人口,女性人口,0-14歲人口,15-64歲人口,65歲以上人口,15-19歲人口,20-24歲人口,25-29歲人口,30-34歲人口,35-39歲人口,40-44歲人口,45-49歲人口,50-54歲人口,55-59歲人口,60-64歲人口,博士人口,碩士人口,大學院校人口,專科人口,高中職人口,國中初職人口,小學人口,不識字人口,未婚人口,有偶人口,出生數,死亡數,遷入人口,遷出人口
0,tp_mrt,BL01,台北捷運頂埔站,30,15072.0,1270678.0,852.0,19790.0,53554.0,26650.0,26908.0,6979.0,40391.0,6186.0,2985.0,3697.0,4074.0,3853.0,4629.0,4756.0,4077.0,4179.0,4323.0,3819.0,162.0,2411.0,12392.0,5367.0,14992.0,6660.0,4264.0,255.0,23934.0,22741.0,412.0,322.0,2038.0,2104.0
1,tp_mrt,BL02,台北捷運永寧站,49,25130.0,2148284.0,1444.0,32794.0,88407.0,43516.0,44895.0,11247.0,66950.0,10215.0,4792.0,6122.0,6801.0,6514.0,7693.0,7636.0,6614.0,6960.0,7354.0,6459.0,298.0,4369.0,21421.0,9289.0,24014.0,10546.0,6715.0,394.0,39509.0,37788.0,692.0,482.0,3394.0,3407.0
2,tp_mrt,BL03,台北捷運土城站,63,33535.0,2925024.0,1888.0,43504.0,117022.0,57370.0,59652.0,14963.0,88558.0,13508.0,6238.0,7910.0,8891.0,8649.0,10436.0,10249.0,8711.0,9139.0,9715.0,8616.0,397.0,5911.0,28596.0,12603.0,31339.0,13788.0,8767.0,503.0,52125.0,50177.0,903.0,614.0,4633.0,4468.0
3,tp_mrt,BL04,台北捷運海山站,105,50931.0,4495021.0,3192.0,66921.0,177725.0,87046.0,90684.0,22187.0,132310.0,23242.0,9152.0,11405.0,12808.0,13006.0,16021.0,15708.0,13150.0,13363.0,14273.0,13418.0,692.0,9561.0,43587.0,19472.0,46627.0,20473.0,14098.0,790.0,78269.0,76753.0,1357.0,986.0,7020.0,6696.0
4,tp_mrt,BL05,台北捷運亞東醫院站,141,64662.0,5784559.0,4359.0,86239.0,227308.0,111046.0,116268.0,29035.0,166638.0,31646.0,11472.0,13889.0,15667.0,16397.0,20655.0,20377.0,16782.0,16465.0,17633.0,17296.0,983.0,12868.0,56066.0,25304.0,58136.0,25392.0,18141.0,1074.0,100014.0,98450.0,1696.0,1294.0,8817.0,8554.0
5,tp_mrt,BL06,台北捷運府中站,171,77264.0,7120161.0,5401.0,103356.0,269031.0,131029.0,138010.0,34173.0,195849.0,39021.0,13340.0,15781.0,18017.0,19110.0,24468.0,24572.0,20323.0,19381.0,20396.0,20472.0,1240.0,15957.0,66913.0,30085.0,67297.0,29522.0,22079.0,1379.0,117793.0,117297.0,1978.0,1550.0,10456.0,9768.0
6,tp_mrt,BL07,台北捷運板橋站,168,73422.0,6782623.0,5319.0,99337.0,256451.0,125120.0,131341.0,32494.0,185438.0,38529.0,12581.0,14679.0,16836.0,18018.0,23306.0,23623.0,19533.0,18249.0,19097.0,19527.0,1217.0,15415.0,63634.0,28704.0,63900.0,27948.0,21413.0,1341.0,112082.0,111689.0,1856.0,1534.0,9910.0,9314.0
7,tp_mrt,BL08,台北捷運新埔站,166,70537.0,6541736.0,5272.0,95739.0,246352.0,120228.0,126134.0,30701.0,176771.0,38889.0,11951.0,14074.0,15980.0,17124.0,22042.0,22349.0,18766.0,17633.0,18283.0,18586.0,1226.0,14994.0,61111.0,27360.0,61234.0,26460.0,21485.0,1381.0,107423.0,107126.0,1780.0,1537.0,9088.0,9140.0
8,tp_mrt,BL09,台北捷運江子翠站,159,68002.0,6352298.0,5076.0,92571.0,236920.0,115633.0,121292.0,29924.0,169291.0,37709.0,11467.0,13396.0,15340.0,16336.0,21088.0,21410.0,18090.0,17017.0,17538.0,17617.0,1182.0,14303.0,58512.0,25942.0,58860.0,25284.0,21110.0,1391.0,103440.0,102581.0,1751.0,1502.0,8891.0,8986.0
9,tp_mrt,BL10,台北捷運龍山寺站,144,67808.0,7523795.0,5258.0,90799.0,218973.0,106034.0,112946.0,28192.0,151705.0,39078.0,9899.0,11641.0,12805.0,13915.0,18463.0,18911.0,16708.0,16448.0,16767.0,16163.0,2286.0,18552.0,60821.0,23994.0,49147.0,18195.0,16273.0,1124.0,93884.0,95655.0,1671.0,1616.0,11310.0,12668.0
10,tp_mrt,BL11,台北捷運西門站,159,76789.0,8864569.0,5944.0,102824.0,241629.0,116022.0,125616.0,31361.0,165625.0,44646.0,10350.0,12333.0,13787.0,15373.0,20644.0,20698.0,17932.0,18046.0,18464.0,18015.0,2868.0,21855.0,68914.0,26328.0,52764.0,18966.0,17081.0,1086.0,103506.0,105195.0,1916.0,1856.0,13493.0,15153.0
11,tp_mrt,BL12,台北捷運台北車站,169,90114.0,11146716.0,6800.0,116593.0,274167.0,130527.0,143648.0,36348.0,185569.0,52254.0,11596.0,13663.0,15100.0,17110.0,23026.0,23166.0,20235.0,20259.0,20808.0,20631.0,3806.0,27572.0,82655.0,30165.0,56426.0,18728.0,17044.0,1013.0,117062.0,121308.0,2151.0,2069.0,15641.0,17864.0
12,tp_mrt,BL13,台北捷運善導寺站,148,93008.0,12414980.0,6718.0,115941.0,274727.0,129659.0,145078.0,38195.0,182941.0,53594.0,11730.0,13408.0,14481.0,16484.0,22580.0,23100.0,20233.0,20107.0,20445.0,20398.0,4474.0,30859.0,87364.0,30318.0,52630.0,15443.0,14256.0,816.0,117143.0,123729.0,2155.0,1998.0,16239.0,18414.0
13,tp_mrt,BL14,台北捷運忠孝新生站,151,99462.0,13909745.0,7321.0,119811.0,288244.0,134864.0,153390.0,41891.0,189609.0,56746.0,12519.0,13945.0,14763.0,16750.0,23264.0,24206.0,21400.0,20870.0,20967.0,20964.0,5231.0,35396.0,96154.0,31707.0,51077.0,13475.0,12355.0,638.0,123083.0,131965.0,2230.0,1975.0,17181.0,19192.0
14,tp_mrt,BL15,台北捷運忠孝復興站,142,99137.0,14030850.0,7022.0,117355.0,285416.0,133317.0,152104.0,40081.0,187936.0,57402.0,12418.0,14055.0,14725.0,16546.0,22564.0,23404.0,21226.0,20972.0,21070.0,20991.0,5156.0,35982.0,97985.0,31951.0,49177.0,12453.0,11717.0,609.0,120728.0,132179.0,2161.0,1960.0,15711.0,18068.0
15,tp_mrt,BL16,台北捷運忠孝敦化站,145,101870.0,14262737.0,7050.0,119814.0,294943.0,138222.0,156725.0,40555.0,195038.0,59359.0,12892.0,14691.0,15573.0,17360.0,23375.0,24004.0,21820.0,21730.0,21882.0,21739.0,5004.0,36331.0,101241.0,33225.0,51504.0,13296.0,12770.0,684.0,124289.0,137056.0,2238.0,2037.0,15205.0,17927.0
16,tp_mrt,BL17,台北捷運國父紀念館站,131,91898.0,12679052.0,6247.0,107534.0,266356.0,125009.0,141353.0,35870.0,177016.0,53475.0,11578.0,13417.0,14343.0,15940.0,21361.0,21664.0,19678.0,19642.0,19811.0,19600.0,4134.0,32117.0,91588.0,30295.0,46934.0,12328.0,12108.0,674.0,111671.0,124315.0,2047.0,1836.0,13350.0,15909.0
17,tp_mrt,BL18,台北捷運市政府站,124,85000.0,11405024.0,5760.0,99635.0,247047.0,116071.0,130980.0,32480.0,165388.0,49185.0,10738.0,12567.0,13536.0,15121.0,20115.0,20212.0,18275.0,18247.0,18403.0,18192.0,3473.0,28667.0,84213.0,28482.0,44773.0,11919.0,12037.0,693.0,103280.0,115180.0,1929.0,1695.0,12067.0,14627.0
18,tp_mrt,BL19,台北捷運永春站,97,66278.0,8628529.0,4355.0,78536.0,194991.0,91963.0,103031.0,25504.0,131370.0,38122.0,8457.0,9960.0,10835.0,12170.0,16180.0,16202.0,14506.0,14424.0,14452.0,14192.0,2516.0,21797.0,65509.0,22611.0,36220.0,9853.0,10125.0,591.0,81505.0,90758.0,1561.0,1333.0,9197.0,11423.0
19,tp_mrt,BL20,台北捷運後山埤站,81,55877.0,7083004.0,3509.0,66971.0,165266.0,78594.0,86671.0,20935.0,113202.0,31131.0,7213.0,8562.0,9530.0,10798.0,14136.0,13781.0,12303.0,12320.0,12365.0,12196.0,1960.0,17683.0,54549.0,19426.0,31779.0,8851.0,9282.0,551.0,68869.0,76815.0,1369.0,1107.0,7544.0,9621.0
20,tp_mrt,BL21,台北捷運昆陽站,65,45779.0,5607261.0,2656.0,55638.0,138686.0,66575.0,72107.0,18481.0,97338.0,22862.0,6265.0,7510.0,8368.0,9507.0,12482.0,11984.0,10348.0,10418.0,10429.0,10025.0,1541.0,13429.0,43355.0,16289.0,27838.0,8221.0,8761.0,550.0,58661.0,63959.0,1198.0,850.0,6261.0,8003.0
21,tp_mrt,BL22,台北捷運南港站,50,35483.0,4221098.0,1981.0,42932.0,108479.0,52536.0,55939.0,14772.0,78137.0,15565.0,5130.0,6200.0,6887.0,7604.0,9923.0,9626.0,8172.0,8370.0,8412.0,7811.0,1090.0,9381.0,32134.0,12773.0,23065.0,7254.0,7357.0,479.0,46376.0,49619.0,973.0,622.0,5184.0,6057.0
22,tp_mrt,BL23,台北捷運南港展覽館站,45,30849.0,3624012.0,1753.0,38042.0,94461.0,45653.0,48802.0,12620.0,69212.0,12626.0,4627.0,5743.0,6172.0,6400.0,8313.0,8467.0,7371.0,7725.0,7680.0,6709.0,951.0,7760.0,27623.0,11288.0,20817.0,6728.0,6152.0,390.0,40602.0,42761.0,789.0,527.0,4762.0,5142.0
23,tp_mrt,BR01,台北捷運動物園站,31,21955.0,2639629.0,1262.0,26838.0,67789.0,32626.0,35158.0,8449.0,48445.0,10895.0,3359.0,4118.0,4217.0,4377.0,5580.0,5549.0,5332.0,5632.0,5390.0,4896.0,1073.0,7174.0,21185.0,7708.0,13790.0,3974.0,4029.0,293.0,28625.0,30908.0,530.0,472.0,2623.0,3225.0
24,tp_mrt,BR02,台北捷運木柵站,41,29154.0,3505789.0,1684.0,35610.0,89631.0,42952.0,46676.0,11403.0,63628.0,14600.0,4389.0,5314.0,5498.0,5760.0,7395.0,7388.0,7054.0,7381.0,7033.0,6423.0,1351.0,9481.0,28226.0,10286.0,18074.0,5088.0,5219.0,362.0,37880.0,40941.0,695.0,613.0,3638.0,4497.0
25,tp_mrt,BR03,台北捷運萬芳社區站,51,37195.0,4465807.0,2118.0,45251.0,113381.0,54196.0,59184.0,14460.0,79989.0,18933.0,5404.0,6605.0,6856.0,7287.0,9433.0,9352.0,8901.0,9127.0,8849.0,8176.0,1717.0,12233.0,36004.0,13153.0,22556.0,6211.0,6434.0,436.0,47735.0,52177.0,881.0,768.0,4808.0,5830.0
26,tp_mrt,BR04,台北捷運萬芳醫院站,72,49185.0,5906876.0,2985.0,60639.0,149292.0,71245.0,78046.0,18636.0,104627.0,26029.0,6918.0,8503.0,8945.0,9470.0,12153.0,12104.0,11643.0,12091.0,11761.0,11043.0,2403.0,16343.0,47473.0,17387.0,29645.0,8332.0,8306.0,541.0,62611.0,68650.0,1112.0,1040.0,6697.0,7864.0
27,tp_mrt,BR05,台北捷運辛亥站,83,56652.0,6935055.0,3536.0,68354.0,169106.0,80171.0,88934.0,21238.0,117118.0,30750.0,7697.0,9431.0,9973.0,10687.0,13810.0,13599.0,12851.0,13403.0,13149.0,12527.0,2847.0,19214.0,55020.0,19540.0,32511.0,8852.0,9056.0,580.0,70774.0,78216.0,1293.0,1191.0,7891.0,9177.0
28,tp_mrt,BR06,台北捷運麟光站,90,61831.0,8555882.0,4289.0,72947.0,181493.0,85288.0,96205.0,24701.0,121246.0,35547.0,8089.0,9398.0,9808.0,10744.0,14453.0,14666.0,13574.0,13718.0,13597.0,13211.0,3403.0,22780.0,61941.0,20214.0,31637.0,8162.0,7937.0,485.0,76188.0,84440.0,1390.0,1287.0,8951.0,10601.0
29,tp_mrt,BR07,台北捷運六張犁站,116,78245.0,11092327.0,5667.0,91857.0,228187.0,106933.0,121254.0,32293.0,150853.0,45045.0,10248.0,11556.0,11986.0,13186.0,17991.0,18607.0,17096.0,17002.0,16808.0,16393.0,4457.0,29399.0,78204.0,25121.0,38694.0,9789.0,9409.0,550.0,96269.0,106342.0,1723.0,1571.0,12058.0,13865.0
30,tp_mrt,BR08,台北捷運科技大樓站,128,82659.0,11830804.0,6277.0,97561.0,240509.0,112933.0,127574.0,34465.0,158205.0,47846.0,10714.0,12041.0,12450.0,13740.0,18755.0,19723.0,18034.0,17798.0,17705.0,17271.0,4840.0,31435.0,82134.0,26311.0,40553.0,10218.0,9726.0,566.0,101698.0,112036.0,1799.0,1698.0,13480.0,15040.0
31,tp_mrt,BR09,台北捷運大安站,128,86625.0,12559870.0,6446.0,101460.0,248542.0,116214.0,132329.0,36071.0,162608.0,49869.0,10979.0,12255.0,12698.0,14110.0,19432.0,20404.0,18486.0,18143.0,18179.0,17952.0,4995.0,32694.0,85793.0,27203.0,41203.0,10255.0,9564.0,519.0,105302.0,115939.0,1873.0,1716.0,14212.0,15929.0
32,tp_mrt,BR10,台北捷運忠孝復興站,142,99137.0,14030850.0,7022.0,117355.0,285416.0,133317.0,152104.0,40081.0,187936.0,57402.0,12418.0,14055.0,14725.0,16546.0,22564.0,23404.0,21226.0,20972.0,21070.0,20991.0,5156.0,35982.0,97985.0,31951.0,49177.0,12453.0,11717.0,609.0,120728.0,132179.0,2161.0,1960.0,15711.0,18068.0
33,tp_mrt,BR11,台北捷運南京復興站,127,87202.0,12133436.0,6146.0,104202.0,249986.0,116551.0,133440.0,34227.0,165296.0,50469.0,10700.0,12245.0,13031.0,14674.0,19976.0,20459.0,18421.0,18432.0,18735.0,18650.0,4001.0,30076.0,85184.0,28518.0,44831.0,11530.0,10803.0,544.0,105813.0,114739.0,1917.0,1733.0,13605.0,15783.0
34,tp_mrt,BR12,台北捷運中山國中站,100,69550.0,9504666.0,4722.0,83285.0,198996.0,92796.0,106200.0,26871.0,132618.0,39507.0,8482.0,9763.0,10532.0,11932.0,16159.0,16299.0,14723.0,14744.0,15045.0,14958.0,2801.0,22514.0,66785.0,23098.0,37114.0,9846.0,9263.0,468.0,84262.0,90852.0,1556.0,1353.0,10638.0,12594.0
35,tp_mrt,BR13,台北捷運松山機場站,94,66671.0,8943976.0,4370.0,79240.0,190530.0,88813.0,101722.0,25261.0,128108.0,37165.0,8110.0,9488.0,10340.0,11731.0,15682.0,15610.0,14179.0,14157.0,14445.0,14380.0,2541.0,21689.0,64488.0,22367.0,35363.0,9230.0,8938.0,434.0,80324.0,87564.0,1493.0,1243.0,9882.0,11693.0
36,tp_mrt,BR14,台北捷運大直站,57,40964.0,5297566.0,2535.0,48767.0,119742.0,56465.0,63283.0,15884.0,81486.0,22376.0,5142.0,6029.0,6669.0,7691.0,10184.0,9921.0,8844.0,8779.0,9054.0,9177.0,1482.0,12602.0,38857.0,13928.0,23331.0,6566.0,6595.0,350.0,50682.0,54756.0,967.0,775.0,5578.0,6929.0
37,tp_mrt,BR15,台北捷運劍南路站,31,24605.0,3350862.0,1541.0,27472.0,70729.0,33407.0,37325.0,9585.0,48499.0,12646.0,3160.0,3718.0,4150.0,4686.0,5979.0,5709.0,5147.0,5155.0,5381.0,5425.0,894.0,7868.0,23769.0,8286.0,13077.0,3457.0,3530.0,198.0,29852.0,33265.0,565.0,424.0,3104.0,3793.0
38,tp_mrt,BR16,台北捷運西湖站,36,28954.0,3830202.0,1655.0,33000.0,84365.0,39947.0,44420.0,11571.0,58714.0,14080.0,3817.0,4575.0,5087.0,5692.0,7194.0,6886.0,6120.0,6258.0,6558.0,6533.0,1001.0,9241.0,28137.0,10100.0,15682.0,4143.0,4168.0,242.0,35746.0,39498.0,696.0,478.0,3502.0,4401.0
39,tp_mrt,BR17,台北捷運港墘站,41,34177.0,4622198.0,1885.0,39233.0,98890.0,46915.0,51975.0,13358.0,69822.0,15715.0,4496.0,5464.0,6084.0,6828.0,8642.0,8144.0,7296.0,7486.0,7751.0,7630.0,1177.0,10818.0,32970.0,11881.0,18477.0,4845.0,4990.0,284.0,41873.0,46394.0,857.0,540.0,4290.0,5194.0
40,tp_mrt,BR18,台北捷運文德站,42,34671.0,4633779.0,1906.0,39857.0,101929.0,48618.0,53311.0,14275.0,72908.0,14747.0,4846.0,5800.0,6358.0,7077.0,9054.0,8640.0,7675.0,7817.0,7987.0,7653.0,1096.0,10594.0,33130.0,12279.0,19486.0,5190.0,5446.0,322.0,43611.0,47532.0,890.0,534.0,4366.0,5281.0
41,tp_mrt,BR19,台北捷運內湖站,36,30607.0,3980856.0,1604.0,34711.0,90979.0,43342.0,47635.0,13341.0,65617.0,12020.0,4470.0,5322.0,5830.0,6561.0,8154.0,7710.0,6600.0,6856.0,7224.0,6892.0,924.0,9159.0,29336.0,11068.0,17546.0,4634.0,4597.0,271.0,39572.0,42104.0,805.0,444.0,3647.0,4646.0
42,tp_mrt,BR20,台北捷運大湖公園站,37,31092.0,4101795.0,1668.0,35648.0,92180.0,43910.0,48269.0,13387.0,66629.0,12163.0,4503.0,5426.0,5932.0,6601.0,8134.0,7819.0,6759.0,7056.0,7409.0,6992.0,956.0,9320.0,29777.0,11186.0,17791.0,4765.0,4620.0,272.0,39953.0,42766.0,818.0,449.0,3924.0,4800.0
43,tp_mrt,BR21,台北捷運葫洲站,49,37222.0,4635600.0,2044.0,43871.0,110946.0,53273.0,57670.0,15076.0,80678.0,15188.0,5310.0,6635.0,7251.0,7845.0,9818.0,9421.0,8190.0,8727.0,9123.0,8357.0,1161.0,10381.0,34565.0,13454.0,22656.0,6688.0,6442.0,382.0,47631.0,51043.0,979.0,596.0,4968.0,5880.0
44,tp_mrt,BR22,台北捷運東湖站,51,37147.0,4537750.0,2072.0,44821.0,110800.0,53302.0,57494.0,14441.0,81421.0,14936.0,5306.0,6794.0,7354.0,7704.0,9700.0,9553.0,8390.0,9024.0,9269.0,8324.0,1129.0,9905.0,33902.0,13509.0,23631.0,7221.0,6533.0,387.0,47441.0,50681.0,947.0,582.0,5296.0,5877.0
45,tp_mrt,BR23,台北捷運南港軟體園區站,51,35198.0,4184199.0,2011.0,43594.0,107073.0,51701.0,55367.0,13985.0,78613.0,14473.0,5169.0,6499.0,7020.0,7295.0,9389.0,9458.0,8295.0,8836.0,8856.0,7794.0,1079.0,9012.0,31703.0,12882.0,23580.0,7477.0,6780.0,427.0,45815.0,48614.0,890.0,595.0,5367.0,5796.0
46,tp_mrt,BR24,台北捷運南港展覽館站,45,30849.0,3624012.0,1753.0,38042.0,94461.0,45653.0,48802.0,12620.0,69212.0,12626.0,4627.0,5743.0,6172.0,6400.0,8313.0,8467.0,7371.0,7725.0,7680.0,6709.0,951.0,7760.0,27623.0,11288.0,20817.0,6728.0,6152.0,390.0,40602.0,42761.0,789.0,527.0,4762.0,5142.0
47,tp_mrt,G01,台北捷運新店站,48,24041.0,2592816.0,1789.0,32768.0,75862.0,36177.0,39684.0,7335.0,54350.0,14183.0,3336.0,4503.0,4974.0,4764.0,5605.0,5813.0,6054.0,6526.0,6539.0,6231.0,814.0,6526.0,22938.0,9408.0,18203.0,5924.0,4346.0,261.0,30983.0,34385.0,461.0,502.0,3567.0,3259.0
48,tp_mrt,G02,台北捷運新店區公所站,63,33984.0,3783317.0,2392.0,45046.0,106573.0,50785.0,55792.0,11595.0,75662.0,19323.0,4904.0,6298.0,6711.0,6651.0,8129.0,8434.0,8499.0,8919.0,8786.0,8327.0,1266.0,9861.0,32634.0,12990.0,24106.0,7476.0,6115.0,380.0,44102.0,48533.0,698.0,701.0,4940.0,4777.0
49,tp_mrt,G03,台北捷運七張站,84,48353.0,5350003.0,3160.0,62745.0,150888.0,71971.0,78918.0,17146.0,107025.0,26724.0,7007.0,8842.0,9405.0,9540.0,11839.0,12109.0,11816.0,12471.0,12314.0,11678.0,1812.0,14274.0,46383.0,18213.0,33380.0,10177.0,8717.0,555.0,62995.0,68594.0,1002.0,1008.0,6966.0,7142.0
50,tp_mrt,G03A,台北捷運小碧潭站,88,45260.0,4782351.0,3174.0,60435.0,144705.0,69081.0,75628.0,15533.0,103292.0,25893.0,6590.0,8436.0,9154.0,9096.0,11263.0,11759.0,11523.0,11964.0,12024.0,11480.0,1407.0,11997.0,42982.0,17679.0,34575.0,11046.0,8743.0,539.0,60272.0,65085.0,922.0,975.0,6825.0,6546.0
51,tp_mrt,G04,台北捷運大坪林站,106,58445.0,6460417.0,3992.0,75596.0,182974.0,87226.0,95750.0,21216.0,128913.0,32854.0,8425.0,10496.0,11259.0,11577.0,14595.0,14832.0,14170.0,14805.0,14659.0,14090.0,2246.0,17399.0,56043.0,22094.0,40234.0,12126.0,10659.0,674.0,76594.0,83061.0,1237.0,1253.0,8562.0,8867.0
52,tp_mrt,G05,台北捷運景美站,122,66549.0,7363663.0,4596.0,85778.0,207904.0,98896.0,109009.0,24144.0,146068.0,37698.0,9581.0,11856.0,12735.0,13040.0,16568.0,16838.0,16039.0,16669.0,16619.0,16128.0,2619.0,20140.0,63930.0,25140.0,45447.0,13449.0,11962.0,763.0,87212.0,94183.0,1395.0,1440.0,9849.0,10316.0
53,tp_mrt,G06,台北捷運萬隆站,148,78887.0,9150253.0,5814.0,100460.0,242341.0,114763.0,127575.0,29329.0,167643.0,45368.0,10952.0,13286.0,14229.0,14862.0,19135.0,19778.0,18594.0,18974.0,19188.0,18661.0,3645.0,25647.0,76307.0,28715.0,50176.0,14431.0,12954.0,805.0,101886.0,110110.0,1625.0,1690.0,12158.0,12867.0
54,tp_mrt,G07,台北捷運公館站,165,90899.0,11735588.0,7048.0,111093.0,274091.0,129576.0,144516.0,37992.0,184009.0,52090.0,12507.0,14329.0,14984.0,15906.0,21527.0,22799.0,20776.0,20579.0,20585.0,20034.0,4786.0,32124.0,88372.0,30955.0,51782.0,14017.0,12922.0,810.0,116668.0,125594.0,1898.0,1869.0,14821.0,15905.0
55,tp_mrt,G08,台北捷運台電大樓站,168,91425.0,11844163.0,7229.0,114294.0,279604.0,132547.0,147057.0,38424.0,187149.0,54033.0,12723.0,14532.0,15201.0,16229.0,21809.0,23109.0,21021.0,20840.0,21138.0,20562.0,4789.0,32186.0,89112.0,31298.0,53556.0,15122.0,13813.0,921.0,119037.0,127152.0,1961.0,1965.0,15499.0,16805.0
56,tp_mrt,G09,台北捷運古亭站,167,89522.0,11456081.0,7096.0,114097.0,273839.0,130055.0,143786.0,36752.0,183517.0,53574.0,12177.0,14037.0,14893.0,16079.0,21673.0,22634.0,20388.0,20448.0,20826.0,20385.0,4583.0,30497.0,85621.0,30492.0,53813.0,16023.0,14703.0,954.0,116224.0,123316.0,1960.0,2009.0,15404.0,16839.0
57,tp_mrt,G10,台北捷運中正紀念堂站,153,84980.0,10798261.0,6472.0,108295.0,258664.0,123116.0,135548.0,35399.0,173143.0,50124.0,11375.0,13003.0,13909.0,15341.0,21002.0,21730.0,19222.0,19186.0,19424.0,18976.0,4155.0,27923.0,79511.0,28423.0,51307.0,15722.0,14872.0,955.0,110046.0,115839.0,1967.0,1925.0,14814.0,16509.0
58,tp_mrt,G11,台北捷運小南門站,144,76721.0,9375705.0,5786.0,99871.0,237878.0,113744.0,124141.0,32131.0,160909.0,44841.0,10423.0,12155.0,13100.0,14474.0,19649.0,20229.0,17763.0,17701.0,17980.0,17450.0,3466.0,23972.0,70835.0,26073.0,49257.0,15960.0,14832.0,969.0,101609.0,105439.0,1845.0,1776.0,13447.0,15055.0
59,tp_mrt,G12,台北捷運西門站,159,76789.0,8864569.0,5944.0,102824.0,241629.0,116022.0,125616.0,31361.0,165625.0,44646.0,10350.0,12333.0,13787.0,15373.0,20644.0,20698.0,17932.0,18046.0,18464.0,18015.0,2868.0,21855.0,68914.0,26328.0,52764.0,18966.0,17081.0,1086.0,103506.0,105195.0,1916.0,1856.0,13493.0,15153.0
60,tp_mrt,G13,台北捷運北門站,173,80237.0,8969676.0,6251.0,108527.0,254547.0,122422.0,132133.0,32191.0,175924.0,46433.0,10966.0,13181.0,14797.0,16465.0,21697.0,21777.0,18989.0,19156.0,19674.0,19246.0,2694.0,21550.0,71497.0,27948.0,57132.0,21418.0,18555.0,1137.0,109465.0,109747.0,1989.0,1954.0,13739.0,15653.0
61,tp_mrt,G14,台北捷運中山站,158,80975.0,10041530.0,6283.0,104104.0,245449.0,116675.0,128784.0,32432.0,166640.0,46380.0,10414.0,12298.0,13614.0,15436.0,20660.0,20773.0,18113.0,18145.0,18662.0,18554.0,3156.0,24048.0,74061.0,27122.0,51132.0,17107.0,15172.0,867.0,105126.0,108503.0,1927.0,1799.0,14017.0,15872.0
62,tp_mrt,G15,台北捷運松江南京站,125,82872.0,11556936.0,5986.0,99874.0,241128.0,113065.0,128072.0,34737.0,159002.0,47397.0,10472.0,11713.0,12395.0,14067.0,19474.0,20221.0,17868.0,17554.0,17689.0,17580.0,3829.0,28035.0,79321.0,26906.0,44420.0,11954.0,11087.0,561.0,103158.0,109721.0,1885.0,1684.0,13822.0,15893.0
63,tp_mrt,G16,台北捷運南京復興站,127,87202.0,12133436.0,6146.0,104202.0,249986.0,116551.0,133440.0,34227.0,165296.0,50469.0,10700.0,12245.0,13031.0,14674.0,19976.0,20459.0,18421.0,18432.0,18735.0,18650.0,4001.0,30076.0,85184.0,28518.0,44831.0,11530.0,10803.0,544.0,105813.0,114739.0,1917.0,1733.0,13605.0,15783.0
64,tp_mrt,G17,台北捷運台北小巨蛋站,124,85151.0,11603804.0,5833.0,101121.0,244858.0,114544.0,130320.0,32056.0,163076.0,49733.0,10475.0,12215.0,13136.0,14766.0,19692.0,19753.0,17992.0,18176.0,18472.0,18426.0,3593.0,28822.0,83844.0,28259.0,44463.0,11703.0,11246.0,586.0,102753.0,113105.0,1891.0,1716.0,12354.0,14908.0
65,tp_mrt,G18,台北捷運南京三民站,111,76009.0,10197580.0,5138.0,89021.0,220599.0,103673.0,116929.0,29248.0,147613.0,43744.0,9586.0,11102.0,12083.0,13570.0,18158.0,18104.0,16224.0,16168.0,16364.0,16268.0,2932.0,25124.0,74863.0,25576.0,40346.0,10733.0,10877.0,620.0,92423.0,102779.0,1749.0,1478.0,10753.0,13104.0
66,tp_mrt,G19,台北捷運松山站,88,60182.0,7838200.0,3928.0,71639.0,177768.0,84311.0,93457.0,23434.0,120835.0,33499.0,7843.0,9148.0,10030.0,11355.0,14955.0,14823.0,13299.0,13222.0,13207.0,12956.0,2199.0,19575.0,59118.0,20807.0,33328.0,9084.0,9423.0,553.0,74356.0,82792.0,1456.0,1177.0,8323.0,10391.0
67,tp_mrt,LB01,台北捷運頂埔站,28,12825.0,1067367.0,788.0,16896.0,45686.0,22853.0,22836.0,5903.0,34371.0,5414.0,2477.0,3095.0,3476.0,3350.0,3975.0,4021.0,3414.0,3530.0,3735.0,3299.0,137.0,1964.0,10366.0,4506.0,12916.0,5830.0,3766.0,231.0,20316.0,19329.0,357.0,282.0,1613.0,1761.0
68,tp_mrt,LB02,台北捷運媽祖田站,24,12066.0,1138076.0,702.0,15786.0,42324.0,21038.0,21286.0,6272.0,31124.0,4923.0,2352.0,2692.0,2935.0,2927.0,3795.0,3968.0,3306.0,3141.0,3149.0,2867.0,205.0,2241.0,10035.0,4266.0,11089.0,4809.0,3145.0,199.0,18782.0,18430.0,350.0,252.0,1817.0,1800.0
69,tp_mrt,LB03,台北捷運長壽山站,16,9443.0,986523.0,498.0,13147.0,33248.0,16273.0,16973.0,5789.0,23685.0,3772.0,1863.0,1896.0,1999.0,2117.0,3017.0,3411.0,2864.0,2369.0,2168.0,1985.0,264.0,2287.0,8379.0,3506.0,7734.0,3153.0,1951.0,148.0,14721.0,14798.0,288.0,175.0,1838.0,1637.0
70,tp_mrt,LB04,台北捷運橫溪站,22,11531.0,1145333.0,647.0,17330.0,44826.0,21954.0,22869.0,7369.0,32524.0,4931.0,2634.0,2875.0,3016.0,2919.0,3832.0,4293.0,3737.0,3392.0,3136.0,2697.0,298.0,2723.0,11053.0,4602.0,11149.0,4749.0,2657.0,179.0,20150.0,19320.0,389.0,261.0,2241.0,1991.0
71,tp_mrt,LB05,台北捷運龍埔站,23,11334.0,1120017.0,659.0,17111.0,44366.0,21790.0,22573.0,7264.0,32199.0,4900.0,2609.0,2864.0,3002.0,2889.0,3779.0,4203.0,3686.0,3368.0,3135.0,2673.0,292.0,2652.0,10874.0,4501.0,11085.0,4785.0,2685.0,181.0,19956.0,19090.0,380.0,265.0,2188.0,1937.0
72,tp_mrt,LB06,台北捷運三峽站,25,12227.0,1199091.0,725.0,18439.0,47883.0,23547.0,24333.0,7760.0,34792.0,5330.0,2807.0,3114.0,3226.0,3115.0,4078.0,4498.0,3974.0,3643.0,3426.0,2919.0,306.0,2836.0,11692.0,4845.0,12008.0,5226.0,2967.0,195.0,21505.0,20561.0,409.0,281.0,2324.0,2086.0
73,tp_mrt,LB07,台北捷運台北大學站,28,14322.0,1369560.0,817.0,21229.0,55494.0,27190.0,28302.0,8847.0,40479.0,6169.0,3263.0,3680.0,3799.0,3666.0,4744.0,5133.0,4551.0,4239.0,4017.0,3390.0,332.0,3204.0,13596.0,5569.0,14048.0,6087.0,3518.0,234.0,25032.0,23697.0,468.0,324.0,2750.0,2363.0
74,tp_mrt,LB08,台北捷運鶯歌車站,26,12908.0,1205346.0,754.0,18829.0,49955.0,24481.0,25468.0,8008.0,36283.0,5664.0,2908.0,3226.0,3327.0,3334.0,4406.0,4717.0,4002.0,3661.0,3553.0,3147.0,279.0,2798.0,11998.0,4943.0,12648.0,5580.0,3416.0,234.0,22508.0,21392.0,411.0,300.0,2483.0,2145.0
75,tp_mrt,LB09,台北捷運陶瓷老街站,26,12144.0,1056739.0,734.0,17452.0,47553.0,23470.0,24078.0,7122.0,34856.0,5574.0,2753.0,3125.0,3323.0,3297.0,4214.0,4338.0,3657.0,3499.0,3488.0,3159.0,220.0,2386.0,11011.0,4404.0,12571.0,5772.0,3735.0,266.0,21331.0,20229.0,378.0,295.0,2267.0,1970.0
76,tp_mrt,LB10,台北捷運國華站,26,11126.0,885965.0,722.0,14460.0,40930.0,20475.0,20452.0,5624.0,30518.0,4786.0,2354.0,2796.0,3009.0,3039.0,3874.0,3644.0,2952.0,2968.0,3069.0,2813.0,109.0,1700.0,9163.0,3552.0,11353.0,5403.0,3688.0,266.0,18161.0,17550.0,334.0,256.0,1871.0,1647.0
77,tp_mrt,LB11,台北捷運永吉公園站,34,14978.0,1203499.0,955.0,19509.0,55293.0,27586.0,27707.0,7722.0,41194.0,6374.0,3187.0,3759.0,4081.0,4141.0,5285.0,4890.0,4011.0,3989.0,4100.0,3751.0,145.0,2297.0,12448.0,4834.0,15370.0,7067.0,4953.0,366.0,24527.0,23644.0,479.0,336.0,2501.0,2213.0
78,tp_mrt,LB12,台北捷運鶯桃福德站,48,22033.0,1840440.0,1390.0,28905.0,80376.0,39812.0,40567.0,11405.0,58924.0,10045.0,4503.0,5299.0,5778.0,5971.0,7527.0,7062.0,5801.0,5686.0,5805.0,5486.0,263.0,3824.0,18712.0,7354.0,21724.0,9360.0,7095.0,508.0,35467.0,34574.0,721.0,486.0,3592.0,3302.0
79,tp_mrt,LB13,台北捷運西坡路口站,45,20212.0,1738920.0,1325.0,26032.0,74219.0,36801.0,37422.0,11175.0,54057.0,8987.0,4194.0,4835.0,5256.0,5556.0,7128.0,6673.0,5348.0,5162.0,5097.0,4810.0,247.0,3627.0,17364.0,6683.0,19724.0,8232.0,6519.0,509.0,32580.0,32360.0,745.0,456.0,3311.0,2963.0
80,tp_mrt,LB14,台北捷運銀和街站,41,17119.0,1486873.0,1209.0,22560.0,63472.0,31550.0,31926.0,9649.0,46182.0,7641.0,3499.0,4062.0,4560.0,4956.0,6208.0,5678.0,4629.0,4379.0,4233.0,3980.0,217.0,3132.0,15000.0,5809.0,16982.0,6627.0,5487.0,447.0,27549.0,27887.0,726.0,381.0,3305.0,2554.0
81,tp_mrt,LG01,台北捷運中正紀念堂站,153,84980.0,10798261.0,6472.0,108295.0,258664.0,123116.0,135548.0,35399.0,173143.0,50124.0,11375.0,13003.0,13909.0,15341.0,21002.0,21730.0,19222.0,19186.0,19424.0,18976.0,4155.0,27923.0,79511.0,28423.0,51307.0,15722.0,14872.0,955.0,110046.0,115839.0,1967.0,1925.0,14814.0,16509.0
82,tp_mrt,LG02,台北捷運植物園站,142,73676.0,8893574.0,5682.0,97075.0,232493.0,111367.0,121131.0,30519.0,157829.0,44153.0,10335.0,12099.0,12962.0,14064.0,18962.0,19626.0,17424.0,17377.0,17750.0,17245.0,3371.0,23276.0,68990.0,25696.0,48798.0,15814.0,14654.0,985.0,98886.0,103369.0,1725.0,1731.0,12838.0,14225.0
83,tp_mrt,LG03,台北捷運廈安站,145,72889.0,8366005.0,5549.0,96955.0,234054.0,112540.0,121521.0,30286.0,161063.0,42710.0,10592.0,12470.0,13444.0,14534.0,19374.0,20061.0,17810.0,17609.0,17876.0,17305.0,2843.0,21501.0,67335.0,26050.0,51154.0,17467.0,15926.0,1090.0,99910.0,103536.0,1737.0,1686.0,12522.0,13588.0
84,tp_mrt,LG04,台北捷運加蚋站,171,82583.0,8749452.0,6127.0,111043.0,270826.0,130185.0,140648.0,33804.0,189634.0,47395.0,12609.0,14849.0,16165.0,17184.0,22483.0,23500.0,21151.0,20576.0,20897.0,20238.0,2494.0,22230.0,75172.0,30901.0,62259.0,22300.0,19824.0,1376.0,115860.0,119092.0,1943.0,1885.0,13217.0,13935.0
85,tp_mrt,LG05,台北捷運永和站,201,93961.0,9626979.0,7042.0,126283.0,308006.0,148209.0,159804.0,35691.0,217680.0,54645.0,14192.0,17171.0,18803.0,19692.0,25307.0,26361.0,23951.0,23863.0,24553.0,23800.0,2690.0,24319.0,86431.0,36239.0,73591.0,25482.0,21585.0,1492.0,130798.0,135666.0,2106.0,2179.0,14615.0,15319.0
86,tp_mrt,LG06,台北捷運中和站,190,82993.0,7964583.0,6277.0,112017.0,278107.0,133943.0,144169.0,31676.0,199012.0,47434.0,13121.0,15949.0,17484.0,18080.0,23049.0,24126.0,21703.0,21463.0,22279.0,21769.0,1754.0,19212.0,75311.0,33280.0,69549.0,25164.0,20365.0,1374.0,118804.0,121823.0,1843.0,1887.0,12096.0,12343.0
87,tp_mrt,LG07,台北捷運雙和醫院站,157,72036.0,6857239.0,5122.0,96602.0,244052.0,117863.0,126197.0,28454.0,176874.0,38741.0,11855.0,14379.0,15706.0,16210.0,20681.0,21618.0,19269.0,18823.0,19482.0,18867.0,1380.0,15836.0,64576.0,28864.0,61788.0,23652.0,18049.0,1135.0,104979.0,107091.0,1644.0,1537.0,10350.0,10307.0
88,tp_mrt,LG08,台北捷運中和高中站,146,67685.0,6373546.0,4711.0,90210.0,232561.0,112752.0,119811.0,28577.0,169944.0,34052.0,11627.0,13970.0,15441.0,15996.0,20237.0,20913.0,18172.0,17559.0,18290.0,17747.0,1174.0,14341.0,59459.0,27101.0,58905.0,24063.0,17548.0,1095.0,101203.0,101620.0,1629.0,1354.0,9483.0,9190.0
89,tp_mrt,LG08A,台北捷運莒光站,147,66010.0,5997403.0,4609.0,87880.0,229380.0,111868.0,117517.0,28699.0,167696.0,32994.0,11391.0,13731.0,15536.0,16281.0,20683.0,20656.0,17217.0,16771.0,17834.0,17605.0,1052.0,13339.0,57145.0,26036.0,58242.0,25333.0,18109.0,1124.0,100236.0,99871.0,1675.0,1330.0,9061.0,8620.0
90,tp_mrt,LG09,台北捷運廷寮站,113,52545.0,4730888.0,3517.0,68666.0,181102.0,88258.0,92848.0,22560.0,133612.0,24943.0,9144.0,11174.0,12605.0,13014.0,16401.0,16254.0,13584.0,13392.0,14282.0,13762.0,785.0,10238.0,44969.0,20551.0,46491.0,20422.0,14017.0,851.0,79257.0,78819.0,1350.0,1016.0,7328.0,6851.0
91,tp_mrt,LG10,台北捷運清水站,98,46424.0,4111512.0,2984.0,60944.0,160769.0,78659.0,82117.0,19719.0,119550.0,21511.0,8076.0,10111.0,11472.0,11875.0,14623.0,14275.0,11819.0,11977.0,12959.0,12359.0,652.0,8845.0,39673.0,17954.0,41718.0,18608.0,12643.0,742.0,70418.0,69695.0,1229.0,886.0,6457.0,6109.0
92,tp_mrt,LG11,台北捷運土城站,65,34610.0,3004349.0,1940.0,44904.0,120998.0,59344.0,61654.0,15414.0,91578.0,14012.0,6432.0,8163.0,9215.0,8965.0,10812.0,10591.0,8965.0,9427.0,10048.0,8955.0,407.0,6058.0,29494.0,13000.0,32423.0,14370.0,9148.0,522.0,53908.0,51858.0,933.0,639.0,4770.0,4609.0
93,tp_mrt,LG12,台北捷運埤塘站,52,27311.0,2340591.0,1536.0,35497.0,96034.0,47243.0,48794.0,12231.0,72752.0,11057.0,5210.0,6663.0,7419.0,7078.0,8365.0,8239.0,7144.0,7558.0,8029.0,7044.0,322.0,4781.0,23401.0,10182.0,25999.0,11309.0,7254.0,427.0,42994.0,41023.0,748.0,520.0,3651.0,3722.0
94,tp_mrt,LG13,台北捷運中華中學站,69,35149.0,3011578.0,2034.0,45801.0,123187.0,60498.0,62690.0,15597.0,92821.0,14780.0,6636.0,8325.0,9288.0,9021.0,10859.0,10730.0,9167.0,9587.0,10127.0,9073.0,420.0,6201.0,29972.0,13181.0,33165.0,14374.0,9568.0,540.0,54815.0,52846.0,943.0,675.0,4810.0,4691.0
95,tp_mrt,LG14,台北捷運溪州站,65,32747.0,2776152.0,1880.0,42676.0,115257.0,56888.0,58375.0,14808.0,86709.0,13747.0,6258.0,7811.0,8628.0,8416.0,10265.0,10127.0,8567.0,8824.0,9338.0,8469.0,375.0,5553.0,27477.0,11952.0,31494.0,13744.0,9191.0,508.0,51398.0,49228.0,892.0,652.0,4432.0,4422.0
96,tp_mrt,LG15,台北捷運彭福站,53,26750.0,2237239.0,1519.0,35119.0,94951.0,47078.0,47877.0,12277.0,71249.0,11434.0,5254.0,6433.0,7054.0,6805.0,8428.0,8450.0,7213.0,7243.0,7564.0,6807.0,289.0,4327.0,22084.0,9720.0,26546.0,11336.0,7798.0,440.0,42280.0,40391.0,727.0,554.0,3707.0,3664.0
97,tp_mrt,LG16,台北捷運育林國小站,50,24462.0,2040177.0,1423.0,31210.0,86164.0,42682.0,43484.0,11401.0,64741.0,10030.0,4865.0,5916.0,6495.0,6280.0,7778.0,7622.0,6408.0,6485.0,6760.0,6129.0,255.0,3861.0,20121.0,8762.0,24046.0,10296.0,6947.0,365.0,38643.0,36796.0,665.0,470.0,3291.0,3302.0
98,tp_mrt,LG17,台北捷運樹人家商站,65,30389.0,2484078.0,1813.0,39144.0,108081.0,53422.0,54666.0,14189.0,81175.0,12727.0,6066.0,7342.0,8176.0,8014.0,9895.0,9555.0,7870.0,7985.0,8473.0,7791.0,309.0,4664.0,25022.0,10825.0,30196.0,13432.0,8842.0,471.0,48544.0,45987.0,837.0,592.0,4136.0,4208.0
99,tp_mrt,LG18,台北捷運潭底站,89,43461.0,3554584.0,2476.0,56167.0,152424.0,75040.0,77390.0,19918.0,114733.0,17784.0,8245.0,10114.0,11533.0,11652.0,14408.0,13740.0,10994.0,11013.0,11860.0,11171.0,461.0,6912.0,35957.0,15359.0,41801.0,19082.0,12093.0,669.0,68188.0,65170.0,1220.0,808.0,5931.0,5771.0
100,tp_mrt,LG19,台北捷運監理所站,73,35510.0,2870786.0,2013.0,45661.0,124897.0,61547.0,63356.0,16753.0,94074.0,14082.0,6913.0,8370.0,9499.0,9525.0,11806.0,11388.0,9024.0,8996.0,9607.0,8943.0,350.0,5379.0,29256.0,12484.0,34638.0,15752.0,9634.0,530.0,56217.0,53258.0,1003.0,646.0,4853.0,4791.0
101,tp_mrt,LG20,台北捷運三角埔站,55,26401.0,2111852.0,1496.0,33739.0,92032.0,45385.0,46650.0,12297.0,69395.0,10345.0,5029.0,6175.0,7098.0,7160.0,8732.0,8266.0,6516.0,6602.0,7173.0,6648.0,269.0,3891.0,21528.0,9043.0,25555.0,12047.0,6957.0,377.0,41448.0,39240.0,753.0,457.0,3584.0,3584.0
102,tp_mrt,LG21,台北捷運迴龍站,51,25093.0,2005275.0,1382.0,32315.0,87083.0,42870.0,44216.0,11713.0,65898.0,9473.0,4707.0,5801.0,6705.0,6799.0,8443.0,7992.0,6257.0,6253.0,6721.0,6226.0,266.0,3706.0,20466.0,8627.0,24084.0,11462.0,6351.0,343.0,39180.0,37138.0,733.0,418.0,3640.0,3444.0
103,tp_mrt,O01,台北捷運南勢角站,143,64051.0,6388790.0,4870.0,86232.0,209404.0,100213.0,109194.0,23016.0,149757.0,36640.0,9854.0,12056.0,13054.0,13136.0,16493.0,17800.0,16832.0,16813.0,17145.0,16585.0,1523.0,15712.0,59523.0,25710.0,51809.0,17287.0,13659.0,881.0,88884.0,92177.0,1282.0,1419.0,9445.0,9419.0
104,tp_mrt,O02,台北捷運景安站,151,66675.0,6559260.0,5089.0,90315.0,219632.0,105375.0,114262.0,24040.0,157491.0,38112.0,10359.0,12624.0,13742.0,13884.0,17563.0,18860.0,17632.0,17510.0,17961.0,17368.0,1514.0,15965.0,61556.0,26849.0,54848.0,18764.0,14837.0,965.0,93221.0,96450.0,1375.0,1490.0,9959.0,9882.0
105,tp_mrt,O03,台北捷運永安市場站,184,85809.0,8966678.0,6510.0,114820.0,278055.0,133104.0,144955.0,32112.0,195790.0,50164.0,12764.0,15508.0,16795.0,17370.0,22358.0,23526.0,21824.0,21857.0,22301.0,21496.0,2801.0,23458.0,80262.0,33236.0,65034.0,21293.0,18231.0,1209.0,117610.0,123356.0,1836.0,1947.0,13547.0,13913.0
106,tp_mrt,O04,台北捷運頂溪站,184,93342.0,10749762.0,7051.0,122485.0,297974.0,142380.0,155598.0,38465.0,204656.0,54861.0,13580.0,15934.0,17003.0,17962.0,23795.0,25316.0,23061.0,22690.0,23014.0,22310.0,3998.0,29036.0,88130.0,34197.0,64072.0,20155.0,18247.0,1212.0,126986.0,132943.0,2049.0,2095.0,15621.0,16589.0
107,tp_mrt,O05,台北捷運古亭站,167,89522.0,11456081.0,7096.0,114097.0,273839.0,130055.0,143786.0,36752.0,183517.0,53574.0,12177.0,14037.0,14893.0,16079.0,21673.0,22634.0,20388.0,20448.0,20826.0,20385.0,4583.0,30497.0,85621.0,30492.0,53813.0,16023.0,14703.0,954.0,116224.0,123316.0,1960.0,2009.0,15404.0,16839.0
108,tp_mrt,O06,台北捷運東門站,158,92311.0,12588133.0,7250.0,113409.0,271238.0,127588.0,143655.0,38257.0,178943.0,54038.0,11770.0,13336.0,14130.0,15681.0,21678.0,22503.0,19857.0,19860.0,20192.0,19966.0,4924.0,32512.0,88323.0,29796.0,49650.0,13904.0,12756.0,765.0,115197.0,123343.0,2061.0,1961.0,16053.0,17620.0
109,tp_mrt,O07,台北捷運忠孝新生站,151,99462.0,13909745.0,7321.0,119811.0,288244.0,134864.0,153390.0,41891.0,189609.0,56746.0,12519.0,13945.0,14763.0,16750.0,23264.0,24206.0,21400.0,20870.0,20967.0,20964.0,5231.0,35396.0,96154.0,31707.0,51077.0,13475.0,12355.0,638.0,123083.0,131965.0,2230.0,1975.0,17181.0,19192.0
110,tp_mrt,O08,台北捷運松江南京站,125,82872.0,11556936.0,5986.0,99874.0,241128.0,113065.0,128072.0,34737.0,159002.0,47397.0,10472.0,11713.0,12395.0,14067.0,19474.0,20221.0,17868.0,17554.0,17689.0,17580.0,3829.0,28035.0,79321.0,26906.0,44420.0,11954.0,11087.0,561.0,103158.0,109721.0,1885.0,1684.0,13822.0,15893.0
111,tp_mrt,O09,台北捷運行天宮站,109,71716.0,9603347.0,5009.0,86918.0,208225.0,97811.0,110420.0,28740.0,138780.0,40708.0,8910.0,10225.0,11019.0,12586.0,17126.0,17309.0,15345.0,15267.0,15558.0,15461.0,2934.0,22852.0,67659.0,23740.0,39939.0,11079.0,10499.0,519.0,88851.0,94469.0,1649.0,1460.0,11652.0,13575.0
112,tp_mrt,O10,台北捷運中山國小站,129,68740.0,8323198.0,5097.0,86837.0,206364.0,97736.0,108632.0,26339.0,140947.0,39075.0,8768.0,10401.0,11563.0,13226.0,17598.0,17315.0,15243.0,15391.0,15784.0,15681.0,2365.0,19312.0,62544.0,23522.0,43728.0,14226.0,13295.0,725.0,88077.0,91705.0,1640.0,1491.0,10930.0,12844.0
113,tp_mrt,O11,台北捷運民權西路站,153,69385.0,7743273.0,5477.0,90852.0,213481.0,101845.0,111646.0,25221.0,148270.0,39989.0,8938.0,11024.0,12550.0,14221.0,18552.0,17966.0,15717.0,16040.0,16681.0,16612.0,2017.0,17553.0,61421.0,24199.0,48338.0,17639.0,15857.0,895.0,91084.0,92977.0,1694.0,1588.0,10915.0,12664.0
114,tp_mrt,O12,台北捷運大橋頭站,165,73012.0,7471420.0,5549.0,98908.0,234098.0,112663.0,121443.0,27535.0,164975.0,41585.0,10115.0,12456.0,14190.0,15872.0,20594.0,20150.0,17545.0,17774.0,18273.0,18034.0,1775.0,16917.0,63533.0,26160.0,55544.0,22293.0,18853.0,1090.0,100788.0,100276.0,1834.0,1727.0,11270.0,12993.0
115,tp_mrt,O13,台北捷運台北橋站,180,74006.0,6974854.0,5643.0,102327.0,248148.0,120165.0,127992.0,29270.0,177538.0,41336.0,11191.0,13755.0,15761.0,17302.0,22175.0,21829.0,18623.0,18543.0,19339.0,19040.0,1407.0,15274.0,63279.0,26742.0,61080.0,27803.0,21554.0,1301.0,107921.0,105308.0,1897.0,1752.0,11414.0,12550.0
116,tp_mrt,O14,台北捷運菜寮站,166,63808.0,5849577.0,5053.0,88412.0,217757.0,106464.0,111304.0,25467.0,157222.0,35065.0,10185.0,12543.0,14314.0,15361.0,19306.0,19185.0,16417.0,16265.0,17061.0,16603.0,1042.0,12386.0,53869.0,22905.0,54658.0,26412.0,19411.0,1220.0,95174.0,92170.0,1642.0,1544.0,9855.0,10284.0
117,tp_mrt,O15,台北捷運三重站,161,59130.0,5199850.0,4741.0,82392.0,205132.0,100483.0,104658.0,23278.0,149681.0,32171.0,9788.0,12214.0,13992.0,14732.0,18086.0,17919.0,15459.0,15390.0,16292.0,15825.0,834.0,10779.0,49763.0,21166.0,52664.0,26309.0,18808.0,1185.0,89797.0,86313.0,1523.0,1434.0,8762.0,8830.0
118,tp_mrt,O16,台北捷運先嗇宮站,139,62931.0,5806080.0,4305.0,84554.0,216591.0,105648.0,110952.0,27205.0,158478.0,30910.0,11063.0,13170.0,14812.0,15213.0,18904.0,19574.0,16947.0,16271.0,16655.0,15870.0,898.0,12369.0,53968.0,23335.0,54481.0,24804.0,18032.0,1181.0,95758.0,93021.0,1597.0,1266.0,8249.0,7777.0
119,tp_mrt,O17,台北捷運頭前庄站,120,54189.0,5035846.0,3761.0,73074.0,188569.0,91799.0,96775.0,24621.0,137035.0,26911.0,9731.0,11303.0,12714.0,13124.0,16553.0,17343.0,14742.0,13818.0,14077.0,13639.0,817.0,11098.0,47037.0,20612.0,46976.0,20717.0,15435.0,975.0,83498.0,81713.0,1382.0,1049.0,6940.0,6393.0
120,tp_mrt,O18,台北捷運新莊站,136,62063.0,5776494.0,4275.0,82522.0,213610.0,104136.0,109478.0,28179.0,155589.0,29843.0,10946.0,12832.0,14569.0,15107.0,19092.0,19734.0,16467.0,15416.0,15865.0,15576.0,986.0,12637.0,53564.0,23283.0,53352.0,23452.0,16840.0,1030.0,94670.0,92903.0,1601.0,1164.0,7972.0,7320.0
121,tp_mrt,O19,台北捷運輔大站,121,57653.0,4962351.0,3522.0,75836.0,201469.0,98594.0,102881.0,27009.0,148766.0,25701.0,10699.0,12648.0,14414.0,14718.0,18631.0,18812.0,15020.0,14285.0,15041.0,14504.0,738.0,10190.0,48786.0,21248.0,52827.0,24146.0,15423.0,895.0,90174.0,86624.0,1554.0,1044.0,7157.0,7055.0
122,tp_mrt,O20,台北捷運丹鳳站,66,32448.0,2681710.0,1857.0,41023.0,111601.0,54728.0,56875.0,15126.0,83362.0,13116.0,6037.0,7265.0,8353.0,8509.0,10607.0,10275.0,8039.0,7868.0,8407.0,8004.0,363.0,5070.0,26533.0,11346.0,30263.0,14119.0,8247.0,444.0,50163.0,47988.0,888.0,555.0,4180.0,4230.0
123,tp_mrt,O21,台北捷運迴龍站,52,25264.0,2018416.0,1409.0,32510.0,87629.0,43144.0,44488.0,11778.0,66280.0,9572.0,4736.0,5833.0,6744.0,6840.0,8485.0,8034.0,6293.0,6294.0,6764.0,6264.0,268.0,3727.0,20581.0,8679.0,24233.0,11534.0,6416.0,346.0,39420.0,37371.0,737.0,422.0,3655.0,3464.0
124,tp_mrt,O50,台北捷運三重國小站,178,72751.0,6634254.0,5409.0,99910.0,250078.0,122033.0,128056.0,29781.0,180788.0,39509.0,11797.0,14467.0,16347.0,17593.0,22317.0,22120.0,18880.0,18801.0,19538.0,18938.0,1182.0,14099.0,61986.0,26421.0,62610.0,29730.0,22470.0,1365.0,109512.0,106307.0,1892.0,1699.0,10592.0,11702.0
125,tp_mrt,O51,台北捷運三和國中站,172,66859.0,5758393.0,4982.0,91771.0,237805.0,116736.0,121078.0,28308.0,175313.0,34183.0,12008.0,14793.0,16578.0,16998.0,20970.0,21010.0,18283.0,18189.0,18848.0,17643.0,820.0,11728.0,56805.0,24417.0,61011.0,31163.0,21840.0,1334.0,105322.0,100599.0,1768.0,1520.0,9506.0,9757.0
126,tp_mrt,O52,台北捷運徐匯中學站,153,59127.0,4967588.0,4340.0,81647.0,214394.0,105490.0,108913.0,25715.0,159439.0,29239.0,11199.0,13771.0,15386.0,15442.0,18819.0,18883.0,16506.0,16486.0,17124.0,15825.0,628.0,9795.0,50472.0,21616.0,55607.0,29447.0,19559.0,1214.0,95560.0,90303.0,1580.0,1303.0,8293.0,8444.0
127,tp_mrt,O53,台北捷運三民高中站,106,46753.0,3889896.0,2991.0,63484.0,170635.0,83888.0,86754.0,21199.0,127770.0,21665.0,9206.0,11280.0,12574.0,12461.0,15169.0,15199.0,13038.0,12983.0,13495.0,12368.0,457.0,7457.0,40028.0,16944.0,44314.0,23996.0,15036.0,933.0,76563.0,72299.0,1278.0,972.0,6779.0,6590.0
128,tp_mrt,O54,台北捷運蘆洲站,73,34855.0,2923355.0,2066.0,47485.0,128125.0,63036.0,65097.0,16470.0,96690.0,14967.0,7098.0,8643.0,9635.0,9463.0,11466.0,11513.0,9894.0,9791.0,10129.0,9058.0,339.0,5466.0,30130.0,12695.0,33604.0,17828.0,10771.0,645.0,57681.0,54393.0,973.0,681.0,5792.0,5173.0
129,tp_mrt,R02,台北捷運象山站,102,68757.0,8935064.0,4590.0,81309.0,201786.0,95067.0,106720.0,26084.0,135843.0,39862.0,8680.0,10292.0,11264.0,12628.0,16698.0,16499.0,14892.0,14925.0,15119.0,14860.0,2735.0,22844.0,67946.0,23211.0,37386.0,10247.0,10431.0,613.0,84225.0,93777.0,1604.0,1416.0,9578.0,11811.0
130,tp_mrt,R03,台北捷運台北101/世貿站,117,80551.0,10953797.0,5490.0,94349.0,235071.0,110385.0,124689.0,31733.0,156501.0,46839.0,10311.0,11930.0,12692.0,14156.0,18921.0,19184.0,17418.0,17327.0,17414.0,17165.0,3569.0,28108.0,80445.0,26744.0,41662.0,11021.0,10886.0,620.0,98506.0,109701.0,1803.0,1627.0,11542.0,13909.0
131,tp_mrt,R04,台北捷運信義安和站,129,88341.0,12664980.0,6386.0,103589.0,256699.0,120140.0,136559.0,36320.0,168872.0,51512.0,11373.0,12864.0,13431.0,14841.0,20046.0,20895.0,19040.0,18872.0,18929.0,18605.0,4736.0,32674.0,88535.0,28446.0,43385.0,11104.0,10633.0,578.0,108330.0,119708.0,1908.0,1776.0,13601.0,15688.0
132,tp_mrt,R05,台北捷運大安站,128,86625.0,12559870.0,6446.0,101460.0,248542.0,116214.0,132329.0,36071.0,162608.0,49869.0,10979.0,12255.0,12698.0,14110.0,19432.0,20404.0,18486.0,18143.0,18179.0,17952.0,4995.0,32694.0,85793.0,27203.0,41203.0,10255.0,9564.0,519.0,105302.0,115939.0,1873.0,1716.0,14212.0,15929.0
133,tp_mrt,R06,台北捷運大安森林公園站,140,86775.0,12392316.0,6841.0,103275.0,251110.0,117516.0,133596.0,36634.0,164398.0,50080.0,11101.0,12264.0,12793.0,14315.0,19798.0,20776.0,18581.0,18294.0,18359.0,18148.0,4984.0,32386.0,85100.0,27399.0,42712.0,10896.0,10153.0,583.0,106746.0,116091.0,1902.0,1745.0,14846.0,16422.0
134,tp_mrt,R07,台北捷運東門站,158,92311.0,12588133.0,7250.0,113409.0,271238.0,127588.0,143655.0,38257.0,178943.0,54038.0,11770.0,13336.0,14130.0,15681.0,21678.0,22503.0,19857.0,19860.0,20192.0,19966.0,4924.0,32512.0,88323.0,29796.0,49650.0,13904.0,12756.0,765.0,115197.0,123343.0,2061.0,1961.0,16053.0,17620.0
135,tp_mrt,R08,台北捷運中正紀念堂站,153,84980.0,10798261.0,6472.0,108295.0,258664.0,123116.0,135548.0,35399.0,173143.0,50124.0,11375.0,13003.0,13909.0,15341.0,21002.0,21730.0,19222.0,19186.0,19424.0,18976.0,4155.0,27923.0,79511.0,28423.0,51307.0,15722.0,14872.0,955.0,110046.0,115839.0,1967.0,1925.0,14814.0,16509.0
136,tp_mrt,R09,台北捷運台大醫院站,158,85146.0,10643896.0,6453.0,109681.0,258543.0,123014.0,135537.0,34788.0,174247.0,49511.0,11082.0,12919.0,14110.0,15876.0,21543.0,21893.0,19073.0,19090.0,19484.0,19196.0,3836.0,26616.0,78188.0,28260.0,52613.0,17091.0,15760.0,986.0,110328.0,114698.0,2032.0,1937.0,15105.0,16959.0
137,tp_mrt,R10,台北捷運台北車站,169,90114.0,11146716.0,6800.0,116593.0,274167.0,130527.0,143648.0,36348.0,185569.0,52254.0,11596.0,13663.0,15100.0,17110.0,23026.0,23166.0,20235.0,20259.0,20808.0,20631.0,3806.0,27572.0,82655.0,30165.0,56426.0,18728.0,17044.0,1013.0,117062.0,121308.0,2151.0,2069.0,15641.0,17864.0
138,tp_mrt,R11,台北捷運中山站,158,80975.0,10041530.0,6283.0,104104.0,245449.0,116675.0,128784.0,32432.0,166640.0,46380.0,10414.0,12298.0,13614.0,15436.0,20660.0,20773.0,18113.0,18145.0,18662.0,18554.0,3156.0,24048.0,74061.0,27122.0,51132.0,17107.0,15172.0,867.0,105126.0,108503.0,1927.0,1799.0,14017.0,15872.0
139,tp_mrt,R12,台北捷運雙連站,152,71950.0,8476529.0,5685.0,93352.0,219161.0,104248.0,114923.0,27162.0,150526.0,41473.0,9223.0,11142.0,12548.0,14189.0,18721.0,18459.0,16169.0,16341.0,16909.0,16859.0,2444.0,19716.0,64657.0,24637.0,47713.0,16696.0,14967.0,831.0,93618.0,96124.0,1728.0,1625.0,11993.0,13655.0
140,tp_mrt,R13,台北捷運民權西路站,153,69385.0,7743273.0,5477.0,90852.0,213481.0,101845.0,111646.0,25221.0,148270.0,39989.0,8938.0,11024.0,12550.0,14221.0,18552.0,17966.0,15717.0,16040.0,16681.0,16612.0,2017.0,17553.0,61421.0,24199.0,48338.0,17639.0,15857.0,895.0,91084.0,92977.0,1694.0,1588.0,10915.0,12664.0
141,tp_mrt,R14,台北捷運圓山站,148,69958.0,7324143.0,5042.0,91433.0,220431.0,105812.0,114628.0,26235.0,154153.0,40038.0,9454.0,11653.0,13152.0,14867.0,19436.0,18779.0,16313.0,16508.0,17054.0,16961.0,1792.0,16760.0,61565.0,24889.0,50931.0,19304.0,17577.0,1008.0,94508.0,95955.0,1757.0,1594.0,10137.0,12260.0
142,tp_mrt,R15,台北捷運劍潭站,90,52044.0,5746678.0,3311.0,64812.0,161339.0,77423.0,83918.0,19739.0,111883.0,29720.0,6898.0,8454.0,9506.0,10913.0,14241.0,13528.0,11840.0,11905.0,12274.0,12322.0,1499.0,13257.0,46436.0,18361.0,35897.0,12553.0,12606.0,722.0,68557.0,71975.0,1324.0,1131.0,6882.0,8952.0
143,tp_mrt,R16,台北捷運士林站,64,44606.0,5280457.0,2616.0,52093.0,136348.0,65217.0,71128.0,18383.0,93150.0,24820.0,6049.0,7204.0,7860.0,9035.0,11952.0,11384.0,9885.0,9678.0,9915.0,10197.0,1501.0,12413.0,40958.0,15724.0,28314.0,8671.0,9703.0,506.0,57939.0,62668.0,1097.0,893.0,5289.0,7005.0
144,tp_mrt,R17,台北捷運芝山站,62,45075.0,5407812.0,2574.0,52274.0,138349.0,66147.0,72196.0,18927.0,94483.0,24946.0,6176.0,7338.0,7981.0,9171.0,12058.0,11560.0,9966.0,9729.0,10042.0,10460.0,1663.0,12726.0,41955.0,15981.0,28264.0,8497.0,9667.0,508.0,58722.0,63941.0,1103.0,886.0,5410.0,6944.0
145,tp_mrt,R18,台北捷運明德站,60,45020.0,5411476.0,2494.0,52373.0,137581.0,65848.0,71725.0,18615.0,94250.0,24723.0,6148.0,7359.0,8029.0,9114.0,11950.0,11419.0,9908.0,9742.0,10088.0,10490.0,1670.0,12784.0,41971.0,15926.0,28025.0,8428.0,9516.0,495.0,58400.0,63624.0,1090.0,880.0,5282.0,6849.0
146,tp_mrt,R19,台北捷運石牌站,59,43846.0,5311849.0,2463.0,51338.0,133433.0,63729.0,69700.0,17864.0,91512.0,24064.0,5935.0,7202.0,7835.0,8840.0,11504.0,10924.0,9578.0,9531.0,9893.0,10268.0,1689.0,12611.0,41095.0,15543.0,27032.0,8039.0,8949.0,467.0,56602.0,61596.0,1049.0,874.0,5205.0,6654.0
147,tp_mrt,R20,台北捷運唭哩岸站,52,38377.0,4586131.0,2112.0,45403.0,117488.0,56028.0,61461.0,15774.0,80937.0,20785.0,5311.0,6363.0,7007.0,7780.0,10132.0,9682.0,8641.0,8450.0,8702.0,8870.0,1463.0,10922.0,35991.0,13760.0,23757.0,7292.0,7943.0,452.0,49725.0,54229.0,946.0,783.0,4593.0,5764.0
148,tp_mrt,R21,台北捷運奇岩站,40,28698.0,3349279.0,1586.0,34708.0,89099.0,42581.0,46520.0,12085.0,61594.0,15423.0,4054.0,4798.0,5287.0,5879.0,7784.0,7574.0,6715.0,6400.0,6539.0,6568.0,1088.0,7927.0,26593.0,10475.0,18349.0,5797.0,6317.0,363.0,37738.0,40886.0,725.0,610.0,3500.0,4353.0
149,tp_mrt,R22,台北捷運北投站,29,20754.0,2310463.0,1104.0,25330.0,65287.0,31258.0,34034.0,8979.0,45311.0,11001.0,2992.0,3501.0,3889.0,4281.0,5761.0,5645.0,4978.0,4733.0,4789.0,4742.0,764.0,5578.0,18922.0,7747.0,13722.0,4439.0,4765.0,286.0,27883.0,29522.0,536.0,465.0,2379.0,3086.0
150,tp_mrt,R22A,台北捷運新北投站,30,21175.0,2391778.0,1155.0,25834.0,66438.0,31822.0,34620.0,9037.0,46127.0,11277.0,3028.0,3589.0,3969.0,4342.0,5798.0,5700.0,5049.0,4844.0,4950.0,4859.0,796.0,5700.0,19410.0,7864.0,13927.0,4491.0,4832.0,294.0,28264.0,30122.0,547.0,471.0,2455.0,3172.0
151,tp_mrt,R23,台北捷運復興崗站,28,19416.0,2040269.0,1018.0,24595.0,60502.0,29075.0,31432.0,6951.0,43252.0,10300.0,2744.0,3365.0,3826.0,4085.0,5249.0,4942.0,4725.0,4764.0,4862.0,4689.0,595.0,4865.0,17275.0,7343.0,13495.0,4734.0,4822.0,328.0,25352.0,27288.0,469.0,454.0,2426.0,2835.0
152,tp_mrt,R24,台北捷運忠義站,23,16098.0,1628578.0,803.0,21168.0,51124.0,24689.0,26440.0,5600.0,36986.0,8539.0,2347.0,2924.0,3307.0,3432.0,4421.0,4194.0,4067.0,4183.0,4181.0,3928.0,433.0,3741.0,14107.0,6169.0,11878.0,4427.0,4386.0,302.0,21378.0,22823.0,391.0,382.0,2064.0,2323.0
153,tp_mrt,R25,台北捷運關渡站,13,8874.0,859609.0,422.0,12007.0,28823.0,13967.0,14855.0,3030.0,21258.0,4535.0,1400.0,1707.0,1922.0,1959.0,2475.0,2395.0,2334.0,2404.0,2413.0,2246.0,206.0,1908.0,7601.0,3429.0,6992.0,2847.0,2587.0,175.0,12022.0,12983.0,196.0,199.0,1416.0,1305.0
154,tp_mrt,R26,台北捷運竹圍站,13,10155.0,1049548.0,457.0,13811.0,31422.0,14962.0,16459.0,3202.0,23076.0,5145.0,1398.0,1768.0,2002.0,2052.0,2627.0,2643.0,2635.0,2732.0,2690.0,2524.0,313.0,2504.0,8939.0,3947.0,7274.0,2685.0,2340.0,172.0,12948.0,14236.0,203.0,199.0,1875.0,1493.0
155,tp_mrt,R27,台北捷運紅樹林站,26,12036.0,1182992.0,835.0,17160.0,38298.0,18177.0,20119.0,3903.0,28301.0,6089.0,1780.0,2293.0,2571.0,2444.0,2974.0,3134.0,3220.0,3413.0,3376.0,3090.0,392.0,2887.0,10670.0,4733.0,9118.0,3674.0,2647.0,222.0,16045.0,16893.0,223.0,229.0,2175.0,1460.0
156,tp_mrt,R28,台北捷運淡水站,26,11950.0,1122832.0,803.0,17102.0,39422.0,18781.0,20639.0,4702.0,28988.0,5728.0,1951.0,2457.0,2681.0,2466.0,3163.0,3389.0,3313.0,3362.0,3228.0,2977.0,390.0,2790.0,10888.0,4684.0,9405.0,3903.0,2417.0,196.0,16951.0,17164.0,248.0,226.0,2064.0,1236.0
157,tp_lr,V01,台北捷運紅樹林站,27,12814.0,1246449.0,859.0,18398.0,41017.0,19447.0,21569.0,4465.0,30216.0,6332.0,1921.0,2442.0,2716.0,2593.0,3222.0,3479.0,3444.0,3616.0,3530.0,3248.0,416.0,3055.0,11399.0,5034.0,9722.0,3951.0,2702.0,225.0,17289.0,18052.0,242.0,245.0,2304.0,1487.0
158,tp_lr,V02,台北捷運竿蓁林站,28,13164.0,1249800.0,876.0,18764.0,42712.0,20216.0,22495.0,4971.0,31431.0,6307.0,2091.0,2605.0,2873.0,2689.0,3412.0,3670.0,3624.0,3674.0,3528.0,3263.0,427.0,3094.0,11904.0,5116.0,10110.0,4159.0,2663.0,218.0,18298.0,18621.0,260.0,250.0,2257.0,1414.0
159,tp_lr,V03,台北捷運淡金鄧公站,27,11724.0,1104459.0,835.0,16789.0,38709.0,18472.0,20235.0,4613.0,28450.0,5641.0,1909.0,2393.0,2629.0,2431.0,3104.0,3325.0,3267.0,3298.0,3169.0,2925.0,384.0,2753.0,10653.0,4572.0,9198.0,3874.0,2417.0,200.0,16629.0,16869.0,237.0,228.0,2036.0,1223.0
160,tp_lr,V04,台北捷運淡江大學站,28,11844.0,1113295.0,861.0,17008.0,39297.0,18819.0,20476.0,4713.0,28852.0,5726.0,1950.0,2429.0,2671.0,2470.0,3150.0,3372.0,3307.0,3350.0,3211.0,2944.0,381.0,2761.0,10756.0,4607.0,9337.0,3986.0,2492.0,213.0,16872.0,17157.0,242.0,232.0,2049.0,1224.0
161,tp_lr,V05,台北捷運淡金北新站,30,14062.0,1324716.0,919.0,20912.0,47292.0,22678.0,24611.0,5861.0,34700.0,6726.0,2302.0,2855.0,3221.0,3058.0,3941.0,4118.0,3936.0,3968.0,3830.0,3475.0,462.0,3348.0,13017.0,5530.0,11191.0,4705.0,2858.0,260.0,20271.0,20747.0,324.0,276.0,2901.0,1539.0
162,tp_lr,V06,台北捷運新市一路站,31,14608.0,1342347.0,935.0,22027.0,49921.0,23967.0,25950.0,6138.0,36712.0,7066.0,2442.0,3058.0,3436.0,3252.0,4170.0,4310.0,4120.0,4174.0,4060.0,3694.0,466.0,3428.0,13660.0,5823.0,11984.0,5051.0,3037.0,271.0,21374.0,21872.0,340.0,291.0,3153.0,1593.0
163,tp_lr,V07,台北捷運淡水行政中心站,28,12920.0,1168130.0,833.0,19423.0,44662.0,21471.0,23188.0,5637.0,32915.0,6106.0,2254.0,2795.0,3115.0,2927.0,3746.0,3837.0,3658.0,3715.0,3609.0,3264.0,389.0,2929.0,12067.0,5202.0,10813.0,4617.0,2711.0,238.0,19293.0,19468.0,309.0,260.0,2730.0,1361.0
164,tp_lr,V08,台北捷運濱海義山站,27,12822.0,1160008.0,804.0,19270.0,44233.0,21228.0,23002.0,5597.0,32620.0,6013.0,2229.0,2770.0,3084.0,2906.0,3725.0,3810.0,3625.0,3671.0,3570.0,3235.0,388.0,2922.0,11991.0,5172.0,10708.0,4524.0,2646.0,232.0,19128.0,19263.0,308.0,256.0,2718.0,1355.0
165,tp_lr,V09,台北捷運濱海沙崙站,26,12065.0,1078495.0,766.0,18327.0,41984.0,20173.0,21808.0,5353.0,30923.0,5706.0,2109.0,2625.0,2933.0,2769.0,3559.0,3629.0,3421.0,3464.0,3364.0,3053.0,356.0,2702.0,11304.0,4887.0,10232.0,4341.0,2532.0,226.0,18152.0,18246.0,294.0,246.0,2639.0,1301.0
166,tp_lr,V10,台北捷運淡海新市鎮站,22,10903.0,984348.0,649.0,16634.0,38052.0,18275.0,19774.0,4958.0,28037.0,5054.0,1919.0,2387.0,2632.0,2510.0,3273.0,3328.0,3134.0,3136.0,3005.0,2715.0,330.0,2474.0,10300.0,4441.0,9216.0,3873.0,2215.0,200.0,16453.0,16596.0,273.0,218.0,2498.0,1192.0
167,tp_lr,V11,台北捷運崁頂站,16,9870.0,904029.0,489.0,15042.0,34154.0,16371.0,17781.0,4518.0,25252.0,4384.0,1742.0,2122.0,2362.0,2244.0,2973.0,3012.0,2848.0,2831.0,2707.0,2414.0,309.0,2288.0,9391.0,4025.0,8154.0,3389.0,1869.0,177.0,14753.0,15031.0,247.0,176.0,2282.0,1089.0
168,tp_lr,V26,台北捷運淡水魚人碼頭站,22,10561.0,956807.0,653.0,16139.0,36992.0,17761.0,19228.0,4800.0,27210.0,4980.0,1858.0,2315.0,2553.0,2431.0,3181.0,3257.0,3015.0,3043.0,2896.0,2665.0,316.0,2399.0,9996.0,4358.0,9005.0,3731.0,2163.0,182.0,15983.0,16117.0,267.0,216.0,2478.0,1171.0
169,tp_lr,V27,台北捷運沙崙站,26,12065.0,1078495.0,766.0,18327.0,41984.0,20173.0,21808.0,5353.0,30923.0,5706.0,2109.0,2625.0,2933.0,2769.0,3559.0,3629.0,3421.0,3464.0,3364.0,3053.0,356.0,2702.0,11304.0,4887.0,10232.0,4341.0,2532.0,226.0,18152.0,18246.0,294.0,246.0,2639.0,1301.0
170,tp_lr,V28,台北捷運台北海洋大學站,24,11158.0,1005996.0,709.0,16983.0,38855.0,18676.0,20176.0,5015.0,28597.0,5241.0,1958.0,2431.0,2686.0,2555.0,3329.0,3388.0,3192.0,3198.0,3076.0,2787.0,334.0,2523.0,10485.0,4537.0,9432.0,3980.0,2299.0,204.0,16766.0,16963.0,276.0,224.0,2511.0,1209.0
171,tp_mrt,Y01,台北捷運動物園站,31,21955.0,2639629.0,1262.0,26838.0,67789.0,32626.0,35158.0,8449.0,48445.0,10895.0,3359.0,4118.0,4217.0,4377.0,5580.0,5549.0,5332.0,5632.0,5390.0,4896.0,1073.0,7174.0,21185.0,7708.0,13790.0,3974.0,4029.0,293.0,28625.0,30908.0,530.0,472.0,2623.0,3225.0
172,tp_mrt,Y02,台北捷運政大站,29,20096.0,2466969.0,1199.0,24752.0,62444.0,30100.0,32340.0,7894.0,44645.0,9904.0,3197.0,3860.0,3887.0,3965.0,5005.0,5077.0,4964.0,5199.0,5000.0,4497.0,1020.0,6612.0,19377.0,7062.0,12728.0,3707.0,3666.0,276.0,26428.0,28462.0,481.0,427.0,2425.0,2934.0
173,tp_mrt,Y03,台北捷運文山區公所站,37,27040.0,3315950.0,1562.0,33090.0,83258.0,39882.0,43374.0,10958.0,59021.0,13279.0,4170.0,4993.0,5053.0,5256.0,6798.0,6854.0,6619.0,6850.0,6514.0,5916.0,1319.0,9020.0,26154.0,9614.0,16585.0,4561.0,4593.0,327.0,35305.0,38156.0,644.0,552.0,3403.0,4102.0
174,tp_mrt,Y04,台北捷運馬明潭站,62,41235.0,4868208.0,2501.0,51948.0,126756.0,60505.0,66253.0,15541.0,89379.0,21842.0,5993.0,7403.0,7716.0,7948.0,10138.0,10195.0,9890.0,10411.0,10132.0,9548.0,1911.0,13530.0,39893.0,14947.0,25977.0,7323.0,6978.0,467.0,53227.0,58095.0,915.0,870.0,5666.0,6327.0
175,tp_mrt,Y05,台北捷運溝子口站,88,53345.0,6203499.0,3485.0,67676.0,164117.0,78195.0,85921.0,19377.0,115459.0,29285.0,7623.0,9446.0,9977.0,10302.0,13033.0,13155.0,12777.0,13375.0,13140.0,12626.0,2380.0,16972.0,51434.0,19584.0,34393.0,9962.0,9170.0,601.0,68491.0,75252.0,1137.0,1102.0,7563.0,8119.0
176,tp_mrt,Y06,台北捷運寶斗厝站,86,51271.0,5898710.0,3366.0,65260.0,157354.0,74908.0,82445.0,18256.0,110778.0,28325.0,7237.0,9051.0,9610.0,9938.0,12529.0,12565.0,12216.0,12806.0,12657.0,12168.0,2181.0,16173.0,49394.0,18897.0,33153.0,9620.0,8870.0,575.0,65531.0,72174.0,1086.0,1066.0,7241.0,7763.0
177,tp_mrt,Y07,台北捷運大坪林站,106,58445.0,6460417.0,3992.0,75596.0,182974.0,87226.0,95750.0,21216.0,128913.0,32854.0,8425.0,10496.0,11259.0,11577.0,14595.0,14832.0,14170.0,14805.0,14659.0,14090.0,2246.0,17399.0,56043.0,22094.0,40234.0,12126.0,10659.0,674.0,76594.0,83061.0,1237.0,1253.0,8562.0,8867.0
178,tp_mrt,Y08,台北捷運十四張站,137,70422.0,7539333.0,5019.0,94131.0,224712.0,107081.0,117638.0,24998.0,158962.0,40767.0,10257.0,12786.0,13856.0,14013.0,17466.0,18444.0,17772.0,18182.0,18361.0,17829.0,2276.0,19748.0,67224.0,27500.0,52145.0,16289.0,13408.0,821.0,94359.0,100713.0,1423.0,1528.0,10754.0,10646.0
179,tp_mrt,Y09,台北捷運秀朗橋站,159,78104.0,8320063.0,5779.0,104463.0,249984.0,119110.0,130881.0,28000.0,176483.0,45517.0,11391.0,14163.0,15304.0,15614.0,19624.0,20568.0,19571.0,20088.0,20383.0,19778.0,2599.0,22077.0,74711.0,30538.0,57845.0,17923.0,15022.0,925.0,105259.0,111850.0,1578.0,1718.0,12003.0,12050.0
180,tp_mrt,Y10,台北捷運景平站,167,76838.0,7950643.0,5881.0,102653.0,247724.0,118194.0,129536.0,27672.0,175776.0,44289.0,11465.0,14114.0,15252.0,15507.0,19424.0,20700.0,19622.0,19903.0,20203.0,19596.0,2275.0,20456.0,72308.0,30309.0,58942.0,18873.0,15570.0,979.0,104719.0,110073.0,1543.0,1682.0,11715.0,11628.0
181,tp_mrt,Y11,台北捷運景安站,151,66675.0,6559260.0,5089.0,90315.0,219632.0,105375.0,114262.0,24040.0,157491.0,38112.0,10359.0,12624.0,13742.0,13884.0,17563.0,18860.0,17632.0,17510.0,17961.0,17368.0,1514.0,15965.0,61556.0,26849.0,54848.0,18764.0,14837.0,965.0,93221.0,96450.0,1375.0,1490.0,9959.0,9882.0
182,tp_mrt,Y12,台北捷運中和站,192,84246.0,8040447.0,6308.0,113980.0,283151.0,136430.0,146727.0,32379.0,202638.0,48150.0,13344.0,16237.0,17848.0,18458.0,23534.0,24536.0,22050.0,21801.0,22698.0,22140.0,1770.0,19347.0,76202.0,33798.0,70830.0,25900.0,21052.0,1431.0,121043.0,123879.0,1889.0,1927.0,12280.0,12505.0
183,tp_mrt,Y13,台北捷運橋和站,191,84826.0,8166284.0,6306.0,114952.0,286901.0,138383.0,148527.0,33686.0,205374.0,47853.0,13667.0,16425.0,18024.0,18778.0,24077.0,25105.0,22490.0,21926.0,22708.0,22187.0,1766.0,19431.0,75985.0,33823.0,71368.0,26910.0,21994.0,1481.0,123106.0,125397.0,1949.0,1911.0,12087.0,12361.0
184,tp_mrt,Y14,台北捷運中原站,196,87533.0,8398551.0,6434.0,118746.0,300218.0,145311.0,154923.0,36271.0,215489.0,48472.0,14506.0,17248.0,19044.0,20110.0,25871.0,26722.0,23524.0,22551.0,23125.0,22806.0,1745.0,19827.0,77973.0,34914.0,73920.0,29342.0,24137.0,1590.0,129474.0,131497.0,2095.0,1934.0,12205.0,12268.0
185,tp_mrt,Y15,台北捷運板新站,165,71157.0,6584255.0,5237.0,96579.0,249017.0,121245.0,127780.0,30989.0,179415.0,38620.0,12078.0,14171.0,16082.0,17352.0,22463.0,22807.0,19089.0,17849.0,18573.0,18961.0,1223.0,14956.0,61870.0,28024.0,61971.0,26742.0,21454.0,1382.0,108289.0,108478.0,1820.0,1541.0,9540.0,9323.0
186,tp_mrt,Y16,台北捷運板橋站,167,71742.0,6625236.0,5281.0,97386.0,251562.0,122783.0,128790.0,31583.0,181529.0,38458.0,12311.0,14398.0,16443.0,17621.0,22716.0,23010.0,19156.0,17902.0,18730.0,19255.0,1197.0,15116.0,62170.0,28036.0,62730.0,27573.0,21403.0,1362.0,109837.0,109452.0,1815.0,1540.0,9439.0,9200.0
187,tp_mrt,Y17,台北捷運新埔民生站,169,71005.0,6546146.0,5329.0,96395.0,248289.0,121105.0,127192.0,31175.0,178165.0,38955.0,12096.0,14198.0,16178.0,17324.0,22229.0,22572.0,18884.0,17702.0,18336.0,18661.0,1200.0,14859.0,61268.0,27251.0,61905.0,26924.0,21883.0,1413.0,108477.0,107756.0,1807.0,1531.0,9097.0,9042.0
188,tp_mrt,Y18,台北捷運頭前庄站,120,54189.0,5035846.0,3761.0,73074.0,188569.0,91799.0,96775.0,24621.0,137035.0,26911.0,9731.0,11303.0,12714.0,13124.0,16553.0,17343.0,14742.0,13818.0,14077.0,13639.0,817.0,11098.0,47037.0,20612.0,46976.0,20717.0,15435.0,975.0,83498.0,81713.0,1382.0,1049.0,6940.0,6393.0
189,tp_mrt,Y19,台北捷運幸福站,103,49894.0,4599924.0,3194.0,66183.0,170973.0,83497.0,87478.0,22007.0,125809.0,23160.0,9077.0,10600.0,11798.0,11950.0,15007.0,15865.0,13595.0,12810.0,12896.0,12219.0,699.0,9662.0,42596.0,18608.0,43331.0,19458.0,13564.0,826.0,75885.0,73962.0,1264.0,936.0,6620.0,6083.0
190,tp_mrt,Y20,台北捷運新北產業園區站,109,51641.0,4524866.0,3240.0,68629.0,181535.0,88880.0,92662.0,23627.0,135017.0,22894.0,9918.0,11823.0,13108.0,12920.0,15756.0,16536.0,14179.0,13730.0,14170.0,12876.0,597.0,8988.0,44089.0,19039.0,47211.0,22738.0,14169.0,852.0,81450.0,77448.0,1344.0,986.0,7018.0,6792.0
191,tp_mrt,Y21,台北輕軌工商展覽中心站,92,47251.0,4157229.0,2713.0,61508.0,166389.0,81373.0,85022.0,22685.0,124734.0,18972.0,9403.0,11293.0,12326.0,11983.0,14562.0,15336.0,13101.0,12629.0,12888.0,11209.0,513.0,7938.0,40582.0,17423.0,43311.0,20420.0,12573.0,749.0,75010.0,71511.0,1299.0,825.0,7247.0,6372.0
192,tp_mrt,Y22,台北輕軌更寮站,100,49685.0,4274412.0,2894.0,65987.0,177312.0,86955.0,90363.0,22958.0,133584.0,20773.0,9787.0,12014.0,13359.0,13103.0,15620.0,15768.0,13602.0,13581.0,14155.0,12587.0,525.0,8215.0,42861.0,17993.0,46116.0,23531.0,14033.0,847.0,79956.0,75667.0,1387.0,927.0,7793.0,6880.0
193,tp_mrt,Y23,台北輕軌中路站,113,49305.0,4217151.0,3256.0,67219.0,177975.0,87476.0,90509.0,22001.0,133252.0,22723.0,9564.0,11711.0,13053.0,12883.0,15608.0,15778.0,13713.0,13709.0,14225.0,13010.0,523.0,8241.0,42334.0,17873.0,46065.0,24688.0,15047.0,938.0,79935.0,75130.0,1315.0,1019.0,7130.0,7049.0
194,tp_mrt,Y24,台北輕軌徐匯中學站,155,59738.0,5024845.0,4404.0,82531.0,216298.0,106391.0,109915.0,25882.0,160888.0,29526.0,11289.0,13882.0,15507.0,15570.0,18967.0,19043.0,16683.0,16667.0,17307.0,15977.0,638.0,9913.0,50960.0,21853.0,56129.0,29659.0,19701.0,1220.0,96367.0,91126.0,1595.0,1315.0,8404.0,8535.0
195,tp_mrt,Y25,台北輕軌分子尾站,127,52890.0,4426883.0,3603.0,71921.0,192480.0,94529.0,97960.0,23675.0,142894.0,25911.0,10127.0,12400.0,13792.0,13913.0,17091.0,17084.0,14754.0,14588.0,15129.0,14016.0,565.0,8683.0,45152.0,19338.0,49645.0,26323.0,17692.0,1089.0,85918.0,81511.0,1445.0,1137.0,7420.0,7542.0
196,tp_mrt,Y26,台北輕軌五華國小站,144,58762.0,5085113.0,4201.0,79200.0,207907.0,101883.0,106029.0,24833.0,152297.0,30778.0,10338.0,12706.0,14264.0,14981.0,18680.0,18366.0,15659.0,15548.0,16202.0,15556.0,776.0,10494.0,49896.0,21383.0,52625.0,26718.0,19659.0,1173.0,91565.0,88909.0,1561.0,1327.0,7936.0,8412.0
197,tp_mrt,Y27,台北輕軌社子站,118,53358.0,5339952.0,3838.0,69859.0,175961.0,85188.0,90774.0,21493.0,124116.0,30350.0,7931.0,9587.0,10716.0,12055.0,15834.0,15470.0,13279.0,12871.0,13194.0,13189.0,1247.0,12140.0,46449.0,19426.0,41121.0,17348.0,15517.0,915.0,75670.0,77148.0,1372.0,1215.0,7270.0,8532.0
198,tp_mrt,Y28,台北輕軌士林區公所站,73,46089.0,5161114.0,2786.0,55524.0,144866.0,69761.0,75103.0,18880.0,99969.0,26021.0,6456.0,7739.0,8507.0,9698.0,12857.0,12265.0,10588.0,10389.0,10612.0,10870.0,1413.0,12040.0,41734.0,16533.0,31340.0,10848.0,11217.0,644.0,61583.0,65880.0,1162.0,952.0,5531.0,7206.0
199,tp_mrt,Y29,台北輕軌士林站,61,43475.0,5172016.0,2516.0,50574.0,133028.0,63595.0,69430.0,18125.0,90702.0,24208.0,5927.0,7017.0,7647.0,8769.0,11661.0,11125.0,9637.0,9408.0,9605.0,9911.0,1472.0,12200.0,40012.0,15356.0,27437.0,8351.0,9429.0,482.0,56567.0,61269.0,1069.0,868.0,5117.0,6785.0
200,tp_mrt,Y30,台北輕軌雨農站,57,40528.0,5044357.0,2532.0,46855.0,123360.0,58790.0,64566.0,17065.0,83934.0,22368.0,5533.0,6520.0,7064.0,8075.0,10720.0,10255.0,8915.0,8747.0,8924.0,9180.0,1527.0,11692.0,37738.0,14150.0,24875.0,7396.0,8344.0,427.0,52484.0,56992.0,981.0,787.0,4820.0,6324.0
201,tp_mrt,Y31,台北輕軌故宮博物院站,37,26087.0,3584803.0,1839.0,29354.0,75566.0,35833.0,39733.0,9855.0,51653.0,14064.0,3323.0,4089.0,4475.0,4976.0,6351.0,5830.0,5350.0,5504.0,5794.0,5960.0,1053.0,8323.0,25046.0,8725.0,14321.0,3849.0,4106.0,212.0,31696.0,35612.0,594.0,481.0,3134.0,4008.0
202,tp_mrt,Y32,台北輕軌劍南路站,31,24605.0,3350862.0,1541.0,27472.0,70729.0,33407.0,37325.0,9585.0,48499.0,12646.0,3160.0,3718.0,4150.0,4686.0,5979.0,5709.0,5147.0,5155.0,5381.0,5425.0,894.0,7868.0,23769.0,8286.0,13077.0,3457.0,3530.0,198.0,29852.0,33265.0,565.0,424.0,3104.0,3793.0
203,ty_mrt,A1,桃園捷運台北車站,173,85178.0,9943984.0,6507.0,113224.0,265053.0,126935.0,138130.0,33918.0,181806.0,49336.0,11333.0,13468.0,15091.0,16878.0,22449.0,22495.0,19685.0,19884.0,20438.0,20111.0,3062.0,23978.0,76726.0,29222.0,57770.0,20664.0,18200.0,1095.0,113542.0,115342.0,2070.0,2036.0,14625.0,16719.0
204,ty_mrt,A2,桃園捷運三重站,158,57213.0,4988431.0,4638.0,79703.0,199021.0,97508.0,101519.0,22544.0,145191.0,31281.0,9568.0,11852.0,13610.0,14285.0,17546.0,17357.0,14974.0,14879.0,15786.0,15355.0,796.0,10331.0,48093.0,20505.0,51211.0,25629.0,18412.0,1169.0,87147.0,83723.0,1468.0,1389.0,8300.0,8426.0
205,ty_mrt,A3,桃園捷運新北產業園區站,107,50314.0,4405241.0,3180.0,66835.0,177095.0,86711.0,90391.0,23072.0,131671.0,22357.0,9716.0,11560.0,12789.0,12568.0,15348.0,16095.0,13835.0,13400.0,13816.0,12543.0,583.0,8711.0,42999.0,18589.0,46127.0,22135.0,13830.0,830.0,79412.0,75540.0,1308.0,962.0,6853.0,6642.0
206,ty_mrt,A4,桃園捷運新莊副都心站,79,39204.0,3512655.0,2398.0,50846.0,135194.0,66151.0,69048.0,18247.0,100335.0,16612.0,7499.0,8964.0,9788.0,9445.0,11743.0,12503.0,10710.0,10194.0,10309.0,9181.0,499.0,6953.0,33230.0,14579.0,35419.0,15547.0,10004.0,568.0,60500.0,58351.0,1030.0,682.0,5379.0,5044.0
207,ty_mrt,A5,桃園捷運泰山站,76,37651.0,3401744.0,2325.0,48711.0,128876.0,62968.0,65914.0,17606.0,95069.0,16205.0,7095.0,8390.0,9103.0,8946.0,11333.0,12062.0,10187.0,9575.0,9637.0,8744.0,501.0,6807.0,31691.0,13992.0,33590.0,14465.0,9549.0,534.0,57536.0,55855.0,982.0,646.0,5116.0,4734.0
208,ty_mrt,A6,桃園捷運泰山貴和站,71,35225.0,2976024.0,2031.0,44432.0,120561.0,58978.0,61584.0,16610.0,89725.0,14229.0,6586.0,7790.0,8891.0,8988.0,11340.0,11353.0,8871.0,8492.0,8978.0,8437.0,413.0,5717.0,28966.0,12476.0,32310.0,14784.0,8712.0,476.0,54166.0,52105.0,942.0,589.0,4547.0,4557.0
209,ty_mrt,A7,桃園捷運體育大學站,9,6006.0,716142.0,357.0,8229.0,19437.0,9306.0,10129.0,3209.0,14409.0,1818.0,1031.0,1265.0,1256.0,1372.0,1886.0,1963.0,1718.0,1603.0,1320.0,998.0,267.0,1518.0,5396.0,2230.0,4269.0,1483.0,977.0,71.0,8569.0,8700.0,208.0,68.0,1551.0,1037.0
210,ty_mrt,A8,桃園捷運長庚醫院站,15,11229.0,1402341.0,590.0,15388.0,37607.0,18156.0,19449.0,6549.0,27465.0,3590.0,2114.0,2447.0,2436.0,2479.0,3302.0,3734.0,3257.0,3022.0,2646.0,2031.0,473.0,3075.0,10470.0,4241.0,8131.0,2617.0,1870.0,146.0,16907.0,16736.0,357.0,149.0,3235.0,1806.0
211,ty_mrt,A9,桃園捷運林口站,14,11136.0,1394437.0,560.0,15270.0,37265.0,17972.0,19292.0,6512.0,27205.0,3545.0,2090.0,2424.0,2409.0,2457.0,3284.0,3709.0,3228.0,2985.0,2617.0,2005.0,472.0,3066.0,10409.0,4216.0,8025.0,2555.0,1838.0,139.0,16761.0,16594.0,355.0,146.0,3221.0,1796.0
212,ty_mrt,A10,桃園捷運山鼻站,11,3988.0,356451.0,335.0,5551.0,15657.0,7955.0,7704.0,2239.0,11596.0,1820.0,972.0,1126.0,1205.0,1118.0,1347.0,1331.0,1164.0,1227.0,1165.0,937.0,32.0,566.0,3503.0,1270.0,4424.0,2031.0,1358.0,195.0,6755.0,6921.0,157.0,95.0,639.0,582.0
213,ty_mrt,A11,桃園捷運坑口站,8,2713.0,219881.0,227.0,4021.0,11464.0,5846.0,5618.0,1520.0,8497.0,1445.0,703.0,836.0,923.0,854.0,974.0,922.0,812.0,858.0,872.0,740.0,17.0,350.0,2429.0,836.0,3293.0,1639.0,1168.0,179.0,4895.0,5057.0,119.0,78.0,455.0,390.0
214,ty_mrt,A12,桃園捷運機場第一航廈站,5,1694.0,135778.0,140.0,2919.0,7840.0,3991.0,3848.0,1074.0,5762.0,1004.0,457.0,555.0,622.0,608.0,673.0,634.0,541.0,567.0,577.0,529.0,10.0,268.0,1719.0,588.0,2211.0,1043.0,785.0,130.0,3323.0,3534.0,81.0,53.0,362.0,293.0
215,ty_mrt,A13,桃園捷運機場第二航廈站,6,2036.0,161114.0,168.0,2805.0,7782.0,4002.0,3780.0,1034.0,5704.0,1044.0,456.0,568.0,609.0,568.0,636.0,585.0,546.0,607.0,605.0,520.0,12.0,227.0,1647.0,564.0,2285.0,1038.0,789.0,171.0,3300.0,3483.0,75.0,54.0,308.0,244.0
216,ty_mrt,A14,桃園捷運機場第三航廈站,6,2036.0,161114.0,168.0,2805.0,7782.0,4002.0,3780.0,1034.0,5704.0,1044.0,456.0,568.0,609.0,568.0,636.0,585.0,546.0,607.0,605.0,520.0,12.0,227.0,1647.0,564.0,2285.0,1038.0,789.0,171.0,3300.0,3483.0,75.0,54.0,308.0,244.0
217,ty_mrt,A14a,桃園捷運機場旅館站,8,4554.0,405710.0,238.0,6471.0,17163.0,8657.0,8507.0,2657.0,12438.0,2066.0,1002.0,1188.0,1319.0,1316.0,1544.0,1351.0,1191.0,1238.0,1238.0,1048.0,66.0,816.0,3978.0,1371.0,4612.0,1913.0,1455.0,265.0,7511.0,7620.0,185.0,100.0,1027.0,572.0
218,ty_mrt,A15,桃園捷運大園站,7,4431.0,392938.0,207.0,6371.0,16797.0,8502.0,8297.0,2571.0,12240.0,1985.0,993.0,1166.0,1311.0,1285.0,1513.0,1322.0,1165.0,1219.0,1247.0,1017.0,66.0,789.0,3872.0,1327.0,4551.0,1921.0,1405.0,266.0,7348.0,7411.0,179.0,102.0,1023.0,594.0
219,ty_mrt,A16,桃園捷運橫山站,6,4044.0,397222.0,196.0,5795.0,14744.0,7475.0,7272.0,2321.0,10820.0,1603.0,813.0,979.0,1146.0,1208.0,1390.0,1203.0,1041.0,1082.0,1076.0,880.0,102.0,935.0,3648.0,1207.0,3694.0,1535.0,1079.0,205.0,6362.0,6739.0,173.0,74.0,1247.0,605.0
220,ty_mrt,A17,桃園捷運領航站,4,2496.0,267180.0,150.0,3510.0,8715.0,4411.0,4305.0,1459.0,6402.0,856.0,445.0,545.0,670.0,791.0,889.0,764.0,631.0,638.0,571.0,459.0,78.0,679.0,2384.0,750.0,2006.0,725.0,541.0,80.0,3733.0,4162.0,114.0,35.0,918.0,378.0
221,ty_mrt,A18,桃園捷運高鐵桃園站,4,2287.0,257875.0,158.0,3383.0,8081.0,4092.0,3989.0,1338.0,5913.0,832.0,384.0,497.0,620.0,718.0,819.0,721.0,598.0,601.0,533.0,422.0,86.0,713.0,2286.0,735.0,1764.0,589.0,485.0,73.0,3431.0,3909.0,107.0,31.0,942.0,364.0
222,ty_mrt,A19,桃園捷運桃園體育園區站,7,3783.0,397125.0,256.0,5278.0,13541.0,6868.0,6673.0,2080.0,9930.0,1532.0,687.0,880.0,1062.0,1135.0,1300.0,1168.0,975.0,1019.0,946.0,760.0,129.0,986.0,3644.0,1218.0,3289.0,1110.0,934.0,127.0,5751.0,6447.0,153.0,66.0,1209.0,541.0
223,ty_mrt,A20,桃園捷運興南站,29,12377.0,1242170.0,991.0,17256.0,43621.0,21575.0,22042.0,5974.0,31528.0,6120.0,2229.0,2718.0,3143.0,3271.0,3840.0,3621.0,3253.0,3307.0,3270.0,2871.0,324.0,3163.0,11859.0,4541.0,11279.0,3359.0,2848.0,210.0,18566.0,19542.0,428.0,258.0,2126.0,1813.0
224,ty_mrt,A21,桃園捷運環北站,55,26472.0,2596270.0,1862.0,35385.0,93892.0,45996.0,47893.0,14768.0,67396.0,11726.0,5162.0,5938.0,6601.0,6906.0,8454.0,8067.0,6895.0,6737.0,6644.0,5992.0,651.0,6589.0,25318.0,9777.0,23949.0,6898.0,5469.0,370.0,41599.0,40780.0,933.0,491.0,4228.0,3912.0
225,ty_mrt,A22,桃園捷運老街溪站,60,28006.0,2737142.0,2022.0,37212.0,99143.0,48717.0,50426.0,14976.0,71527.0,12640.0,5458.0,6405.0,7106.0,7320.0,8860.0,8347.0,7209.0,7220.0,7171.0,6431.0,682.0,6915.0,26757.0,10272.0,25691.0,7410.0,5916.0,406.0,43678.0,43175.0,975.0,535.0,4400.0,4202.0
226,ty_mrt,A23,桃園捷運中壢車站,67,31795.0,3059944.0,2228.0,42406.0,112806.0,55370.0,57436.0,16658.0,81689.0,14460.0,6249.0,7335.0,8122.0,8285.0,10127.0,9582.0,8320.0,8273.0,8156.0,7234.0,738.0,7643.0,30223.0,11807.0,29559.0,8627.0,6930.0,474.0,49470.0,48967.0,1109.0,639.0,4921.0,4658.0
227,ty_mrt,G01,桃園捷運八德站,31,12036.0,1006034.0,901.0,16988.0,46583.0,23298.0,23284.0,6749.0,34004.0,5831.0,2538.0,3049.0,3315.0,3752.0,4508.0,4229.0,3513.0,3215.0,3084.0,2797.0,153.0,2048.0,10622.0,4352.0,12942.0,5087.0,4174.0,354.0,19871.0,20096.0,544.0,315.0,2799.0,2000.0
228,ty_mrt,G02,桃園捷運建國路站,34,12859.0,1072165.0,963.0,18096.0,49809.0,25009.0,24800.0,7295.0,36158.0,6360.0,2661.0,3136.0,3502.0,3992.0,4883.0,4472.0,3629.0,3420.0,3347.0,3112.0,152.0,2193.0,11204.0,4432.0,13774.0,5614.0,4641.0,396.0,21245.0,21622.0,588.0,348.0,2972.0,2103.0
229,ty_mrt,G03,桃園捷運麻園站,40,15610.0,1331854.0,1161.0,21452.0,59171.0,29561.0,29612.0,8659.0,43194.0,7321.0,3173.0,3812.0,4252.0,4712.0,5744.0,5211.0,4371.0,4146.0,4022.0,3750.0,198.0,2777.0,13610.0,5304.0,16168.0,6550.0,5332.0,448.0,25329.0,25851.0,691.0,390.0,3323.0,2448.0
230,ty_mrt,G04,桃園捷運大湳站,42,17729.0,1541481.0,1240.0,23322.0,65602.0,32582.0,33025.0,9951.0,47740.0,7911.0,3616.0,4210.0,4734.0,5124.0,6389.0,5836.0,4767.0,4529.0,4400.0,4137.0,227.0,3259.0,15558.0,6011.0,17507.0,6826.0,5675.0,464.0,28508.0,28790.0,743.0,393.0,3367.0,2627.0
231,ty_mrt,G05,桃園捷運忠勇西街站,65,29322.0,2698228.0,2050.0,38768.0,105081.0,51621.0,53466.0,15534.0,76520.0,13028.0,6021.0,6881.0,7347.0,7666.0,9645.0,9232.0,7936.0,7606.0,7378.0,6810.0,488.0,6243.0,26396.0,10266.0,27236.0,10018.0,8125.0,613.0,46137.0,45551.0,1032.0,601.0,4720.0,4216.0
232,ty_mrt,G06,桃園捷運陽明公園站,84,39101.0,3659591.0,2720.0,52639.0,139376.0,68251.0,71133.0,20390.0,100711.0,18280.0,7806.0,8962.0,9568.0,10009.0,12632.0,12190.0,10433.0,10141.0,9894.0,9071.0,682.0,8716.0,35613.0,14056.0,35442.0,12963.0,10503.0,791.0,61213.0,59973.0,1317.0,815.0,6441.0,5633.0
233,ty_mrt,G07,桃園捷運桃園車站站,81,41322.0,3970100.0,2686.0,55206.0,145813.0,71027.0,74790.0,21723.0,105157.0,18934.0,8246.0,9354.0,9958.0,10348.0,13219.0,12747.0,10961.0,10590.0,10304.0,9418.0,743.0,9361.0,37686.0,14993.0,36613.0,13101.0,10584.0,778.0,64320.0,62656.0,1376.0,841.0,6853.0,5794.0
234,ty_mrt,G08,桃園捷運永和市場站,79,44136.0,4479035.0,2749.0,58730.0,153896.0,74554.0,79345.0,23353.0,111221.0,19323.0,9084.0,10154.0,10293.0,10453.0,13454.0,13734.0,12190.0,11600.0,10787.0,9463.0,826.0,10477.0,41076.0,16555.0,37973.0,12512.0,10132.0,768.0,68167.0,66284.0,1433.0,838.0,7079.0,5870.0
235,ty_mrt,G09,桃園捷運民光路站,76,42800.0,4427816.0,2689.0,57505.0,149482.0,72300.0,77185.0,22423.0,108637.0,18424.0,9007.0,10066.0,10032.0,9969.0,12720.0,13177.0,12165.0,11657.0,10678.0,9162.0,827.0,10370.0,40342.0,16354.0,36936.0,11907.0,9395.0,718.0,66253.0,64177.0,1350.0,803.0,6771.0,5585.0
236,ty_mrt,G10,桃園捷運大興西路站,63,34901.0,3689417.0,2265.0,46557.0,121141.0,58438.0,62702.0,18623.0,88203.0,14315.0,7410.0,8242.0,8143.0,8004.0,10347.0,10815.0,10000.0,9514.0,8545.0,7181.0,664.0,8509.0,33132.0,13382.0,29626.0,9289.0,7192.0,558.0,53900.0,52265.0,1105.0,613.0,5649.0,4381.0
237,ty_mrt,G11,桃園捷運展演中心站,53,31561.0,3393400.0,1936.0,42044.0,110004.0,53063.0,56942.0,17610.0,80279.0,12114.0,6930.0,7451.0,7217.0,7153.0,9591.0,10279.0,9418.0,8609.0,7469.0,6168.0,560.0,7445.0,29829.0,12133.0,26976.0,8437.0,6373.0,494.0,49064.0,47752.0,1031.0,512.0,5297.0,4031.0
238,ty_mrt,G12,桃園捷運南崁轉運站站,47,28782.0,3195372.0,1787.0,37543.0,99257.0,47886.0,51376.0,16401.0,72828.0,10024.0,6486.0,6835.0,6487.0,6289.0,8501.0,9425.0,8730.0,7955.0,6743.0,5384.0,478.0,6490.0,26961.0,10961.0,24348.0,7652.0,5404.0,438.0,44418.0,43545.0,931.0,421.0,4644.0,3784.0
239,ty_mrt,G13,桃園捷運南竹站,36,18369.0,2064373.0,1375.0,23261.0,62340.0,30292.0,32058.0,10588.0,45942.0,5811.0,4201.0,4438.0,4101.0,3907.0,5294.0,5938.0,5512.0,5102.0,4232.0,3219.0,269.0,3828.0,16999.0,6868.0,15373.0,4940.0,3124.0,281.0,27921.0,27814.0,582.0,247.0,2903.0,2514.0
240,ty_mrt,G13a,桃園捷運蘆竹工業區站,26,11834.0,1307620.0,981.0,14916.0,40069.0,19617.0,20462.0,6989.0,29282.0,3799.0,2711.0,2760.0,2520.0,2455.0,3437.0,3978.0,3579.0,3240.0,2628.0,1976.0,151.0,2315.0,10711.0,4306.0,9973.0,3305.0,2067.0,208.0,17864.0,18001.0,389.0,172.0,1916.0,1705.0
241,ty_mrt,G14,桃園捷運長興站,8,2820.0,258807.0,260.0,4295.0,11561.0,5851.0,5712.0,1680.0,8489.0,1391.0,718.0,793.0,820.0,811.0,984.0,1014.0,881.0,891.0,861.0,711.0,23.0,457.0,2660.0,992.0,3222.0,1392.0,977.0,134.0,4983.0,5115.0,111.0,72.0,533.0,455.0
242,ty_mrt,G15,桃園捷運航空城一站,7,2719.0,227651.0,206.0,4171.0,11575.0,5935.0,5641.0,1567.0,8536.0,1472.0,702.0,826.0,900.0,834.0,980.0,932.0,836.0,880.0,902.0,740.0,18.0,385.0,2554.0,897.0,3374.0,1463.0,1114.0,179.0,4915.0,5166.0,115.0,72.0,501.0,433.0
243,ty_mrt,G16,桃園捷運航空城二站,4,1535.0,124729.0,115.0,2022.0,5745.0,2976.0,2770.0,776.0,4193.0,776.0,355.0,411.0,432.0,393.0,471.0,448.0,419.0,441.0,449.0,371.0,9.0,175.0,1231.0,442.0,1690.0,731.0,575.0,104.0,2431.0,2560.0,55.0,36.0,221.0,201.0
244,ty_mrt,G17,桃園捷運航空城三站,6,3461.0,318590.0,183.0,4793.0,12748.0,6492.0,6258.0,1939.0,9262.0,1546.0,734.0,866.0,951.0,984.0,1146.0,1004.0,897.0,931.0,938.0,810.0,62.0,663.0,3011.0,1034.0,3353.0,1402.0,1077.0,187.0,5460.0,5800.0,145.0,71.0,894.0,473.0
245,ty_mrt,G18,桃園捷運橫山站,6,4044.0,397222.0,196.0,5795.0,14744.0,7475.0,7272.0,2321.0,10820.0,1603.0,813.0,979.0,1146.0,1208.0,1390.0,1203.0,1041.0,1082.0,1076.0,880.0,102.0,935.0,3648.0,1207.0,3694.0,1535.0,1079.0,205.0,6362.0,6739.0,173.0,74.0,1247.0,605.0
246,ty_mrt,G31,桃園捷運菓林站,8,2802.0,230456.0,231.0,4046.0,11647.0,5931.0,5716.0,1576.0,8564.0,1505.0,700.0,845.0,929.0,864.0,983.0,941.0,817.0,859.0,873.0,750.0,17.0,364.0,2492.0,867.0,3332.0,1633.0,1156.0,179.0,4965.0,5189.0,123.0,75.0,455.0,396.0
247,ty_mrt,G32,桃園捷運坑口站,7,2454.0,201475.0,202.0,3641.0,10399.0,5301.0,5098.0,1386.0,7691.0,1320.0,630.0,761.0,848.0,773.0,875.0,834.0,731.0,778.0,793.0,667.0,16.0,329.0,2236.0,763.0,2987.0,1471.0,1026.0,156.0,4444.0,4604.0,110.0,69.0,415.0,361.0
248,ty_mrt,GE01,桃園捷運霄裡站,36,14801.0,1248997.0,1056.0,21205.0,57297.0,28307.0,28987.0,8236.0,42185.0,6877.0,3296.0,3903.0,4135.0,4391.0,5418.0,5280.0,4613.0,4129.0,3757.0,3259.0,197.0,2572.0,13454.0,5559.0,16207.0,5849.0,4727.0,373.0,24664.0,24324.0,608.0,363.0,3207.0,2349.0
249,ty_mrt,GE02,桃園捷運士校站,39,16246.0,1411751.0,1178.0,22599.0,61167.0,30056.0,31106.0,8700.0,45137.0,7332.0,3611.0,4242.0,4435.0,4579.0,5546.0,5517.0,4953.0,4542.0,4154.0,3553.0,274.0,3086.0,14900.0,6089.0,17166.0,5834.0,4634.0,360.0,26641.0,25743.0,596.0,381.0,2665.0,2379.0
250,ty_mrt,GE03,桃園捷運富台國小站,57,24519.0,2208654.0,1786.0,33886.0,90714.0,44475.0,46234.0,13252.0,66243.0,11218.0,5274.0,6083.0,6437.0,6610.0,8124.0,8051.0,7170.0,6756.0,6286.0,5445.0,502.0,5157.0,22863.0,9282.0,24697.0,7952.0,6352.0,493.0,39754.0,38211.0,863.0,554.0,3783.0,3542.0
251,ty_mrt,GE04,桃園捷運榮民服務處站,69,28625.0,2677551.0,2235.0,39697.0,103874.0,50764.0,53106.0,15160.0,75515.0,13198.0,5867.0,6803.0,7297.0,7552.0,9298.0,9163.0,8120.0,7729.0,7327.0,6355.0,648.0,6462.0,26943.0,10937.0,27563.0,8626.0,6845.0,527.0,45398.0,44037.0,995.0,633.0,4475.0,4155.0
252,ty_mrt,GE05,桃園捷運中壢體育園區站,74,32728.0,3066789.0,2401.0,44259.0,117693.0,57732.0,59959.0,17075.0,85132.0,15484.0,6503.0,7626.0,8396.0,8600.0,10543.0,10126.0,8895.0,8564.0,8358.0,7515.0,719.0,7536.0,30944.0,12377.0,31139.0,9452.0,7718.0,555.0,51334.0,50694.0,1140.0,693.0,4965.0,4706.0
253,ty_mrt,GA1,桃園捷運埔頂新光站,24,9763.0,812188.0,696.0,13960.0,38230.0,19130.0,19100.0,5793.0,27920.0,4516.0,2120.0,2508.0,2757.0,3099.0,3703.0,3471.0,2852.0,2639.0,2526.0,2248.0,122.0,1652.0,8584.0,3455.0,10680.0,4190.0,3382.0,286.0,16462.0,16475.0,448.0,252.0,2554.0,1709.0
254,ty_mrt,GA2,桃園捷運仁善國小站,21,7856.0,637451.0,587.0,11300.0,31613.0,15884.0,15726.0,4741.0,23037.0,3833.0,1824.0,2170.0,2328.0,2413.0,2892.0,2756.0,2362.0,2243.0,2159.0,1897.0,97.0,1288.0,6864.0,2747.0,9025.0,3630.0,2911.0,245.0,13751.0,13414.0,338.0,221.0,1869.0,1378.0
255,ty_mrt,GA3,桃園捷運埔頂轉運站站,17,6152.0,494663.0,475.0,8566.0,24729.0,12408.0,12316.0,3630.0,17892.0,3201.0,1490.0,1780.0,1827.0,1779.0,2125.0,2007.0,1808.0,1777.0,1725.0,1575.0,91.0,1036.0,5391.0,2134.0,6981.0,2814.0,2403.0,210.0,10894.0,10508.0,244.0,186.0,1182.0,999.0
256,ty_mrt,BRH01,桃園捷運桃園火車站站,81,41322.0,3970100.0,2686.0,55206.0,145813.0,71027.0,74790.0,21723.0,105157.0,18934.0,8246.0,9354.0,9958.0,10348.0,13219.0,12747.0,10961.0,10590.0,10304.0,9418.0,743.0,9361.0,37686.0,14993.0,36613.0,13101.0,10584.0,778.0,64320.0,62656.0,1376.0,841.0,6853.0,5794.0
257,ty_mrt,BRH02,桃園捷運桃園巨蛋站,70,35451.0,3348270.0,2286.0,47508.0,125588.0,61301.0,64289.0,18556.0,90419.0,16615.0,7059.0,8002.0,8546.0,8932.0,11414.0,11011.0,9329.0,9091.0,8881.0,8143.0,608.0,7676.0,32000.0,12983.0,31851.0,11635.0,9380.0,694.0,55307.0,53839.0,1173.0,750.0,5897.0,5085.0
258,ty_mrt,BRH03,桃園捷運大同路口站,51,22558.0,2031759.0,1611.0,30622.0,80536.0,39704.0,40836.0,11522.0,58257.0,10760.0,4433.0,5147.0,5569.0,5831.0,7421.0,7006.0,5877.0,5847.0,5754.0,5360.0,335.0,4528.0,19780.0,8087.0,21083.0,8242.0,6356.0,476.0,35187.0,34360.0,752.0,514.0,3899.0,3425.0
259,ty_mrt,BRH04,桃園捷運振興路口站,20,9707.0,820470.0,586.0,13500.0,35920.0,18010.0,17911.0,4924.0,25946.0,5052.0,1936.0,2260.0,2548.0,2684.0,3402.0,3040.0,2505.0,2577.0,2592.0,2398.0,139.0,1685.0,8189.0,3374.0,9877.0,4124.0,3278.0,265.0,15452.0,15252.0,362.0,249.0,1762.0,1652.0
260,ty_mrt,BRH05,桃園捷運嶺頂站,10,4548.0,373809.0,279.0,6117.0,16815.0,8459.0,8357.0,2415.0,12252.0,2148.0,930.0,1085.0,1260.0,1259.0,1667.0,1472.0,1157.0,1177.0,1171.0,1074.0,59.0,692.0,3715.0,1516.0,4693.0,2017.0,1554.0,128.0,7252.0,7265.0,179.0,114.0,830.0,732.0
261,ty_mrt,BRH06,桃園捷運大棟橋站,16,6679.0,513619.0,415.0,8965.0,24392.0,12154.0,12241.0,3107.0,18405.0,2881.0,1357.0,1687.0,1987.0,1860.0,2248.0,2085.0,1723.0,1826.0,1934.0,1702.0,55.0,903.0,5521.0,2278.0,6980.0,3232.0,2149.0,138.0,10822.0,10304.0,204.0,140.0,1233.0,1118.0
262,ty_mrt,BRH07,桃園捷運龍華街口站,45,21894.0,1731901.0,1205.0,28352.0,76865.0,37827.0,39041.0,10347.0,58320.0,8197.0,4187.0,5170.0,5982.0,6008.0,7391.0,6966.0,5508.0,5578.0,6000.0,5536.0,210.0,3182.0,17962.0,7549.0,21341.0,10307.0,5601.0,305.0,34692.0,32570.0,642.0,364.0,3170.0,3058.0
263,ty_mrt,BRH08,桃園捷運迴龍站站,51,25093.0,2005275.0,1382.0,32315.0,87083.0,42870.0,44216.0,11713.0,65898.0,9473.0,4707.0,5801.0,6705.0,6799.0,8443.0,7992.0,6257.0,6253.0,6721.0,6226.0,266.0,3706.0,20466.0,8627.0,24084.0,11462.0,6351.0,343.0,39180.0,37138.0,733.0,418.0,3640.0,3444.0
264,ty_mrt,O01,桃園捷運山子頂站,19,9435.0,783645.0,545.0,11914.0,34724.0,17393.0,17331.0,5132.0,25539.0,4051.0,1938.0,2312.0,2627.0,2793.0,3413.0,3025.0,2492.0,2368.0,2374.0,2200.0,107.0,1473.0,8210.0,3334.0,10013.0,3531.0,2705.0,158.0,14899.0,15283.0,390.0,203.0,1476.0,1304.0
265,ty_mrt,O02,桃園捷運南勢站,27,12799.0,1085666.0,794.0,15848.0,46161.0,23090.0,23073.0,6608.0,33911.0,5641.0,2605.0,3090.0,3426.0,3671.0,4517.0,3997.0,3293.0,3116.0,3219.0,2977.0,145.0,2132.0,11243.0,4566.0,13255.0,4391.0,3531.0,212.0,19869.0,20423.0,495.0,250.0,1810.0,1691.0
266,ty_mrt,O03,桃園捷運平鎮站,60,28017.0,2705056.0,1996.0,36742.0,99564.0,49089.0,50476.0,15052.0,71834.0,12681.0,5514.0,6392.0,7172.0,7409.0,9079.0,8468.0,7151.0,7036.0,7103.0,6507.0,641.0,6727.0,26596.0,10259.0,26024.0,7681.0,6088.0,382.0,43769.0,43493.0,1000.0,534.0,4476.0,4202.0
267,ty_mrt,O04,桃園捷運褒忠祠站,54,24902.0,2422192.0,1808.0,32722.0,88216.0,43449.0,44768.0,13124.0,63661.0,11434.0,4901.0,5710.0,6368.0,6465.0,7885.0,7413.0,6346.0,6366.0,6400.0,5804.0,578.0,6054.0,23772.0,9110.0,22996.0,6741.0,5380.0,354.0,38725.0,38526.0,876.0,473.0,3915.0,3790.0
268,ty_mrt,O05,桃園捷運中壢高中站,50,23461.0,2310974.0,1694.0,31158.0,83094.0,40817.0,42276.0,12401.0,60051.0,10645.0,4627.0,5419.0,6003.0,6065.0,7335.0,6968.0,6067.0,6107.0,6061.0,5394.0,570.0,5859.0,22617.0,8641.0,21531.0,6167.0,4886.0,328.0,36560.0,36227.0,824.0,446.0,3816.0,3577.0
269,ty_mrt,O06,桃園捷運環北站,56,27116.0,2666525.0,1900.0,36217.0,96116.0,47080.0,49033.0,15112.0,69047.0,11955.0,5290.0,6102.0,6766.0,7080.0,8665.0,8267.0,7042.0,6895.0,6817.0,6122.0,666.0,6746.0,25947.0,9993.0,24531.0,7057.0,5580.0,377.0,42583.0,41735.0,958.0,499.0,4343.0,4014.0
270,ty_mrt,O07,桃園捷運新街站,69,32573.0,3125234.0,2296.0,43808.0,115744.0,56618.0,59122.0,17521.0,83683.0,14535.0,6401.0,7391.0,8264.0,8569.0,10321.0,10021.0,8708.0,8464.0,8311.0,7238.0,766.0,7782.0,30869.0,12102.0,30010.0,8989.0,7052.0,498.0,50871.0,50018.0,1136.0,642.0,4966.0,4462.0
271,ty_mrt,O08,桃園捷運忠福站,54,25053.0,2407608.0,1795.0,33663.0,88741.0,43352.0,45386.0,13441.0,64185.0,11107.0,4900.0,5736.0,6320.0,6516.0,7834.0,7593.0,6682.0,6619.0,6449.0,5544.0,603.0,5938.0,23706.0,9280.0,22876.0,6951.0,5427.0,405.0,39091.0,38270.0,847.0,494.0,3606.0,3201.0
272,ty_mrt,O09,桃園捷運文化站,36,19489.0,1849113.0,1187.0,25973.0,69752.0,34219.0,35531.0,10522.0,51317.0,7909.0,3952.0,4667.0,5032.0,5247.0,6442.0,6196.0,5415.0,5234.0,4999.0,4139.0,400.0,4194.0,18162.0,7022.0,18533.0,5916.0,4518.0,372.0,30601.0,30139.0,707.0,391.0,2908.0,2393.0
273,ty_mrt,O10,桃園捷運龍山站,36,19917.0,1880736.0,1168.0,26352.0,71508.0,35094.0,36414.0,10929.0,52686.0,7892.0,4234.0,4850.0,5052.0,5247.0,6645.0,6417.0,5704.0,5278.0,5009.0,4259.0,357.0,4295.0,18483.0,7146.0,18833.0,6271.0,4710.0,383.0,31644.0,30604.0,714.0,367.0,3067.0,2591.0
274,ty_mrt,O11,桃園捷運龍安站,40,21928.0,2112091.0,1326.0,28645.0,77687.0,38118.0,39571.0,11579.0,57044.0,9063.0,4624.0,5280.0,5477.0,5550.0,7073.0,6846.0,6190.0,5797.0,5503.0,4711.0,398.0,4929.0,20438.0,7905.0,19972.0,6686.0,5231.0,436.0,34401.0,33468.0,744.0,399.0,3370.0,2891.0
275,ty_mrt,O12,桃園捷運中福站,66,34707.0,3543056.0,2310.0,46526.0,122123.0,59294.0,62828.0,18620.0,88456.0,15046.0,7332.0,8068.0,8185.0,8259.0,10610.0,10918.0,9847.0,9231.0,8546.0,7462.0,670.0,8377.0,32725.0,13036.0,30160.0,9853.0,7902.0,601.0,54301.0,52443.0,1129.0,657.0,5524.0,4714.0
276,ty_mrt,O13,桃園捷運埔子站,70,39383.0,4113559.0,2496.0,52882.0,137188.0,66432.0,70755.0,20732.0,100318.0,16137.0,8384.0,9314.0,9255.0,9149.0,11800.0,12249.0,11378.0,10848.0,9745.0,8199.0,746.0,9474.0,37191.0,15009.0,34083.0,10857.0,8259.0,648.0,60890.0,58982.0,1261.0,700.0,6236.0,5077.0
277,ty_mrt,O14,桃園捷運大興西路站,63,34901.0,3689417.0,2265.0,46557.0,121141.0,58438.0,62702.0,18623.0,88203.0,14315.0,7410.0,8242.0,8143.0,8004.0,10347.0,10815.0,10000.0,9514.0,8545.0,7181.0,664.0,8509.0,33132.0,13382.0,29626.0,9289.0,7192.0,558.0,53900.0,52265.0,1105.0,613.0,5649.0,4381.0
278,ty_mrt,O15,桃園捷運大檜溪站,56,29775.0,3135920.0,1990.0,39909.0,103833.0,50122.0,53710.0,15940.0,75240.0,12653.0,6344.0,6968.0,6925.0,6814.0,8807.0,9223.0,8500.0,8155.0,7306.0,6196.0,547.0,7027.0,27967.0,11456.0,25605.0,8212.0,6430.0,498.0,46157.0,44608.0,948.0,555.0,4860.0,3861.0
279,train,0980,台鐵南港站,51,36105.0,4273928.0,2011.0,43545.0,110416.0,53424.0,56989.0,15012.0,79277.0,16123.0,5206.0,6291.0,6962.0,7768.0,10148.0,9755.0,8278.0,8459.0,8493.0,7916.0,1100.0,9604.0,32850.0,12984.0,23359.0,7310.0,7525.0,491.0,47166.0,50567.0,990.0,634.0,5140.0,6213.0
280,train,0990,台鐵松山站,86,58900.0,7661270.0,3821.0,70171.0,174060.0,82571.0,91489.0,23012.0,118223.0,32825.0,7654.0,8926.0,9802.0,11140.0,14679.0,14547.0,13017.0,12894.0,12875.0,12692.0,2155.0,19125.0,57810.0,20359.0,32657.0,8916.0,9237.0,545.0,72827.0,81032.0,1431.0,1150.0,8165.0,10189.0
281,train,1000,台鐵台北站,168,88026.0,10804212.0,6688.0,114138.0,268341.0,127855.0,140493.0,35346.0,182007.0,50991.0,11367.0,13404.0,14842.0,16811.0,22584.0,22697.0,19826.0,19836.0,20414.0,20254.0,3627.0,26559.0,80463.0,29591.0,55729.0,18657.0,16960.0,1009.0,114613.0,118474.0,2110.0,2036.0,15228.0,17403.0
282,train,1010,台鐵萬華站,141,66433.0,7408304.0,5175.0,88268.0,214293.0,103529.0,110772.0,27732.0,148475.0,38089.0,9774.0,11460.0,12606.0,13613.0,18011.0,18497.0,16357.0,16077.0,16354.0,15733.0,2262.0,18401.0,59837.0,23572.0,47790.0,17408.0,15799.0,1109.0,91802.0,94187.0,1637.0,1557.0,11271.0,12170.0
283,train,0950,台鐵五堵站,34,15041.0,1383114.0,1047.0,20699.0,49223.0,24116.0,25108.0,5661.0,37162.0,6401.0,2672.0,3318.0,3453.0,3039.0,3838.0,4162.0,4180.0,4669.0,4286.0,3543.0,218.0,2680.0,12579.0,6044.0,13217.0,4951.0,3552.0,268.0,21153.0,21072.0,345.0,308.0,2398.0,1816.0
284,train,0960,台鐵汐止站,36,17771.0,1675103.0,1149.0,24603.0,56503.0,27448.0,29056.0,6064.0,43102.0,7340.0,2947.0,3844.0,3924.0,3448.0,4439.0,4891.0,4915.0,5551.0,5093.0,4048.0,277.0,3249.0,15041.0,7165.0,15086.0,5499.0,3788.0,285.0,24010.0,24407.0,392.0,347.0,2977.0,2211.0
285,train,0970,台鐵汐科站,39,19720.0,1913797.0,1290.0,27009.0,61628.0,29913.0,31715.0,6396.0,46992.0,8243.0,3100.0,4131.0,4330.0,3778.0,4777.0,5322.0,5297.0,5970.0,5688.0,4599.0,344.0,3803.0,16804.0,7887.0,16105.0,5819.0,4120.0,290.0,25957.0,27032.0,416.0,376.0,3406.0,2522.0
286,train,1020,台鐵板橋站,165,70993.0,6557608.0,5218.0,96454.0,248749.0,121356.0,127405.0,31333.0,179741.0,37685.0,12181.0,14204.0,16270.0,17407.0,22535.0,22873.0,18998.0,17734.0,18521.0,19032.0,1174.0,14960.0,61545.0,27830.0,61972.0,27196.0,21036.0,1321.0,108637.0,108198.0,1788.0,1510.0,9542.0,9034.0
287,train,1030,台鐵浮洲站,149,67769.0,5956423.0,4534.0,89866.0,237943.0,116401.0,121548.0,30486.0,175079.0,32391.0,12246.0,14735.0,16699.0,17306.0,21731.0,21285.0,17496.0,17280.0,18330.0,17972.0,1007.0,13095.0,58515.0,25999.0,61439.0,27040.0,18979.0,1080.0,105154.0,102864.0,1774.0,1326.0,8943.0,8817.0
288,train,1040,台鐵樹林站,71,34578.0,2900202.0,2026.0,45007.0,121964.0,60172.0,61797.0,15838.0,91691.0,14442.0,6601.0,8210.0,9148.0,9061.0,10985.0,10710.0,8953.0,9247.0,9783.0,8984.0,383.0,5784.0,29006.0,12552.0,33217.0,14749.0,9736.0,537.0,54563.0,52021.0,946.0,670.0,4722.0,4647.0
289,train,1050,台鐵南樹林站,41,20448.0,1727790.0,1178.0,26173.0,72363.0,35902.0,36464.0,9576.0,54268.0,8526.0,4177.0,5028.0,5433.0,5153.0,6359.0,6430.0,5490.0,5474.0,5655.0,5071.0,215.0,3218.0,16753.0,7304.0,20438.0,8507.0,5930.0,323.0,32423.0,30880.0,560.0,411.0,2619.0,2811.0
290,train,1060,台鐵山佳站,22,10626.0,962413.0,634.0,13755.0,37094.0,18375.0,18719.0,5416.0,27472.0,4206.0,2115.0,2412.0,2606.0,2580.0,3374.0,3533.0,2979.0,2744.0,2700.0,2430.0,177.0,1881.0,8828.0,3742.0,9944.0,4141.0,2745.0,172.0,16357.0,16307.0,301.0,205.0,1580.0,1559.0
291,train,1070,台鐵鶯歌站,25,12352.0,1161836.0,726.0,17996.0,47767.0,23415.0,24346.0,7729.0,34589.0,5449.0,2765.0,3037.0,3156.0,3180.0,4231.0,4536.0,3821.0,3481.0,3371.0,3008.0,273.0,2720.0,11514.0,4712.0,12006.0,5264.0,3271.0,228.0,21537.0,20476.0,392.0,281.0,2372.0,2072.0
292,train,7290,台鐵福隆站,3,223.0,15943.0,77.0,419.0,1130.0,574.0,556.0,65.0,790.0,276.0,50.0,54.0,52.0,61.0,77.0,83.0,103.0,115.0,109.0,85.0,0.0,20.0,168.0,78.0,292.0,219.0,231.0,54.0,356.0,549.0,4.0,18.0,18.0,39.0
293,train,7300,台鐵貢寮站,3,223.0,15943.0,77.0,419.0,1130.0,574.0,556.0,65.0,790.0,276.0,50.0,54.0,52.0,61.0,77.0,83.0,103.0,115.0,109.0,85.0,0.0,20.0,168.0,78.0,292.0,219.0,231.0,54.0,356.0,549.0,4.0,18.0,18.0,39.0
294,train,7310,台鐵雙溪站,8,464.0,37081.0,258.0,928.0,2081.0,1124.0,956.0,146.0,1382.0,554.0,82.0,109.0,119.0,94.0,124.0,137.0,146.0,186.0,201.0,185.0,5.0,55.0,320.0,152.0,503.0,406.0,367.0,120.0,742.0,888.0,7.0,35.0,51.0,99.0
295,train,7320,台鐵牡丹站,6,366.0,30073.0,208.0,736.0,1667.0,897.0,770.0,122.0,1104.0,442.0,65.0,87.0,93.0,74.0,96.0,114.0,118.0,151.0,160.0,146.0,3.0,45.0,251.0,116.0,398.0,332.0,297.0,98.0,598.0,696.0,5.0,24.0,39.0,83.0
296,train,7330,台鐵三貂嶺站,5,111.0,9593.0,152.0,249.0,556.0,311.0,244.0,29.0,392.0,136.0,18.0,22.0,32.0,34.0,33.0,39.0,38.0,60.0,56.0,62.0,0.0,14.0,65.0,34.0,146.0,132.0,106.0,24.0,195.0,228.0,3.0,9.0,15.0,21.0
297,train,7331,台鐵大華站,4,102.0,6789.0,89.0,282.0,556.0,313.0,241.0,27.0,358.0,170.0,20.0,19.0,17.0,23.0,24.0,34.0,49.0,60.0,55.0,55.0,0.0,9.0,53.0,44.0,157.0,129.0,105.0,32.0,169.0,246.0,1.0,14.0,20.0,32.0
298,train,7332,台鐵十分站,6,161.0,10967.0,139.0,434.0,857.0,476.0,380.0,43.0,554.0,258.0,27.0,33.0,38.0,37.0,43.0,58.0,70.0,82.0,85.0,81.0,0.0,12.0,87.0,68.0,253.0,194.0,150.0,48.0,265.0,379.0,2.0,20.0,30.0,39.0
299,train,7333,台鐵望古站,7,212.0,14768.0,167.0,518.0,1061.0,580.0,483.0,58.0,687.0,314.0,37.0,42.0,49.0,44.0,59.0,72.0,79.0,101.0,108.0,97.0,0.0,17.0,113.0,83.0,314.0,230.0,182.0,61.0,342.0,459.0,4.0,24.0,35.0,45.0
300,train,7334,台鐵嶺腳站,7,192.0,12628.0,160.0,423.0,872.0,478.0,397.0,51.0,578.0,242.0,28.0,32.0,48.0,39.0,51.0,56.0,61.0,79.0,101.0,82.0,0.0,15.0,100.0,70.0,252.0,193.0,149.0,39.0,295.0,375.0,4.0,17.0,29.0,35.0
301,train,7335,台鐵平溪站,8,216.0,14760.0,191.0,509.0,1027.0,568.0,462.0,57.0,675.0,294.0,31.0,36.0,53.0,45.0,58.0,64.0,72.0,98.0,119.0,99.0,1.0,17.0,111.0,82.0,286.0,232.0,190.0,47.0,331.0,461.0,4.0,20.0,34.0,39.0
302,train,7336,台鐵青桐站,7,204.0,13903.0,166.0,473.0,972.0,537.0,438.0,56.0,638.0,277.0,31.0,35.0,49.0,43.0,52.0,61.0,70.0,92.0,111.0,93.0,1.0,16.0,103.0,78.0,269.0,220.0,181.0,45.0,317.0,430.0,4.0,19.0,30.0,37.0
303,train,7350,台鐵猴硐站,10,1284.0,100912.0,243.0,1725.0,4369.0,2208.0,2161.0,436.0,3157.0,777.0,230.0,272.0,321.0,293.0,310.0,314.0,318.0,390.0,382.0,330.0,4.0,109.0,739.0,382.0,1203.0,766.0,589.0,113.0,1819.0,1727.0,28.0,54.0,130.0,157.0
304,train,7360,台鐵瑞芳站,16,3108.0,231592.0,400.0,4708.0,11578.0,5749.0,5832.0,1178.0,8590.0,1812.0,636.0,769.0,891.0,773.0,869.0,857.0,900.0,1035.0,997.0,861.0,20.0,330.0,2096.0,1063.0,3358.0,1860.0,1395.0,234.0,4821.0,4688.0,75.0,120.0,470.0,426.0
305,train,7362,台鐵八斗子站,16,4893.0,379356.0,405.0,7616.0,18324.0,9112.0,9213.0,1998.0,14029.0,2296.0,1051.0,1374.0,1371.0,1224.0,1458.0,1526.0,1506.0,1639.0,1543.0,1339.0,85.0,716.0,3940.0,1918.0,5606.0,2325.0,1534.0,167.0,7835.0,7551.0,128.0,128.0,1123.0,895.0
306,train,7380,台鐵四腳亭站,29,7233.0,565926.0,778.0,10389.0,25199.0,12547.0,12653.0,2779.0,18239.0,4180.0,1237.0,1602.0,1805.0,1606.0,1827.0,1861.0,1854.0,2130.0,2254.0,2057.0,81.0,1074.0,5564.0,2781.0,7355.0,2820.0,2443.0,253.0,10706.0,10316.0,144.0,244.0,1208.0,1289.0
307,train,0900,台鐵基隆站,102,20316.0,1676897.0,2806.0,30121.0,70517.0,35067.0,35445.0,7182.0,50304.0,13024.0,3333.0,4362.0,4818.0,4256.0,4917.0,5389.0,5407.0,5779.0,6150.0,5880.0,269.0,3355.0,15887.0,8067.0,21104.0,7302.0,6507.0,691.0,29501.0,29112.0,362.0,666.0,3190.0,3467.0
308,train,0910,台鐵三坑站,101,19226.0,1575132.0,2761.0,28538.0,66313.0,32933.0,33378.0,6704.0,47087.0,12518.0,3083.0,4026.0,4451.0,3995.0,4642.0,5050.0,5049.0,5356.0,5808.0,5613.0,254.0,3198.0,14989.0,7577.0,19844.0,6761.0,6196.0,655.0,27712.0,27287.0,336.0,642.0,2999.0,3293.0
309,train,0920,台鐵八堵站,70,15351.0,1267940.0,1910.0,22281.0,52769.0,26073.0,26690.0,5977.0,37373.0,9420.0,2557.0,3213.0,3472.0,3170.0,3789.0,4121.0,3989.0,4239.0,4506.0,4309.0,187.0,2510.0,11844.0,6083.0,15499.0,5250.0,4866.0,456.0,22342.0,21743.0,271.0,476.0,2399.0,2538.0
310,train,0930,台鐵七堵站,25,7598.0,591102.0,665.0,10391.0,25661.0,12888.0,12772.0,2756.0,18962.0,3941.0,1345.0,1750.0,1881.0,1680.0,1939.0,1963.0,1912.0,2113.0,2292.0,2081.0,71.0,1087.0,5669.0,2834.0,7580.0,2873.0,2556.0,187.0,10917.0,10712.0,151.0,206.0,976.0,995.0
311,train,940,台鐵百福站,19,6725.0,522355.0,510.0,9041.0,22483.0,11191.0,11291.0,2599.0,16878.0,3005.0,1239.0,1555.0,1663.0,1468.0,1828.0,1877.0,1776.0,1939.0,1896.0,1635.0,61.0,898.0,5068.0,2502.0,6390.0,2669.0,2100.0,162.0,9734.0,9429.0,156.0,159.0,885.0,792.0
312,train,7361,台鐵海科館站,14,4656.0,363164.0,357.0,7260.0,17414.0,8665.0,8749.0,1900.0,13365.0,2147.0,1001.0,1307.0,1309.0,1165.0,1395.0,1463.0,1433.0,1569.0,1467.0,1258.0,84.0,693.0,3778.0,1840.0,5350.0,2169.0,1420.0,147.0,7434.0,7202.0,121.0,120.0,1094.0,864.0
313,train,7390,台鐵暖暖站,54,12305.0,993687.0,1457.0,18252.0,43205.0,21461.0,21744.0,4944.0,30781.0,7480.0,2087.0,2656.0,2881.0,2614.0,3141.0,3311.0,3260.0,3583.0,3739.0,3503.0,145.0,1916.0,9408.0,4803.0,12598.0,4666.0,4224.0,419.0,18323.0,17650.0,233.0,395.0,2103.0,2172.0
314,train,1080,台鐵桃園站,82,41765.0,4002656.0,2712.0,55798.0,147466.0,71853.0,75616.0,21927.0,106407.0,19133.0,8337.0,9469.0,10074.0,10473.0,13384.0,12899.0,11066.0,10696.0,10439.0,9557.0,748.0,9414.0,38024.0,15128.0,37076.0,13376.0,10748.0,791.0,65047.0,63351.0,1388.0,850.0,6916.0,5879.0
315,train,1090,台鐵內壢站,41,21062.0,1935382.0,1298.0,28617.0,76352.0,37487.0,38865.0,11607.0,56424.0,8318.0,4452.0,5095.0,5448.0,5747.0,7160.0,6911.0,6108.0,5736.0,5344.0,4435.0,400.0,4327.0,19400.0,7639.0,20652.0,6772.0,5047.0,397.0,33743.0,32302.0,759.0,425.0,3325.0,2784.0
316,train,1100,台鐵中壢站,66,31640.0,3053136.0,2203.0,42205.0,112228.0,55047.0,57182.0,16834.0,81181.0,14215.0,6214.0,7242.0,8022.0,8280.0,10137.0,9615.0,8278.0,8169.0,8053.0,7166.0,738.0,7646.0,30060.0,11741.0,29324.0,8522.0,6765.0,457.0,49305.0,48738.0,1114.0,620.0,4937.0,4622.0
317,train,1110,台鐵埔心站,22,11299.0,1016846.0,681.0,14358.0,39912.0,19817.0,20092.0,6499.0,29472.0,3943.0,2343.0,2780.0,2942.0,3161.0,3987.0,3545.0,2971.0,2788.0,2755.0,2200.0,147.0,2042.0,10249.0,4053.0,11098.0,3287.0,2350.0,140.0,17529.0,17579.0,454.0,169.0,2096.0,1413.0
318,train,1120,台鐵楊梅站,23,9288.0,823292.0,702.0,11564.0,32515.0,16229.0,16281.0,5023.0,23893.0,3599.0,1972.0,2386.0,2475.0,2382.0,2875.0,2690.0,2405.0,2420.0,2389.0,1897.0,116.0,1572.0,8238.0,3259.0,9364.0,2764.0,1972.0,166.0,14232.0,14214.0,344.0,182.0,1562.0,1064.0
319,train,1130,台鐵富岡站,4,1316.0,105884.0,112.0,1606.0,4791.0,2503.0,2288.0,581.0,3466.0,745.0,290.0,345.0,365.0,351.0,393.0,398.0,315.0,348.0,360.0,302.0,8.0,174.0,1142.0,421.0,1433.0,478.0,469.0,75.0,1962.0,2220.0,52.0,32.0,162.0,131.0
320,train,1140,台鐵新富站,3,1010.0,81215.0,84.0,1202.0,3618.0,1881.0,1737.0,434.0,2605.0,581.0,211.0,257.0,275.0,270.0,302.0,287.0,232.0,258.0,280.0,233.0,5.0,131.0,874.0,313.0,1081.0,356.0,360.0,57.0,1476.0,1674.0,41.0,25.0,110.0,109.0
321,thsr,Nangang,高鐵南港站,50,35151.0,4194185.0,1982.0,42268.0,107662.0,52086.0,55572.0,14817.0,77055.0,15786.0,5077.0,6072.0,6743.0,7579.0,9928.0,9533.0,8050.0,8174.0,8202.0,7696.0,1090.0,9460.0,32118.0,12639.0,22579.0,6986.0,7316.0,479.0,46020.0,49385.0,969.0,617.0,4980.0,6109.0
322,thsr,Taipei,高鐵台北站,168,88026.0,10804212.0,6688.0,114138.0,268341.0,127855.0,140493.0,35346.0,182007.0,50991.0,11367.0,13404.0,14842.0,16811.0,22584.0,22697.0,19826.0,19836.0,20414.0,20254.0,3627.0,26559.0,80463.0,29591.0,55729.0,18657.0,16960.0,1009.0,114613.0,118474.0,2110.0,2036.0,15228.0,17403.0
323,thsr,Banqiao,高鐵板橋站,168,73382.0,6775414.0,5317.0,99343.0,256340.0,125052.0,131299.0,32490.0,185234.0,38626.0,12570.0,14646.0,16773.0,17989.0,23327.0,23664.0,19545.0,18201.0,19020.0,19511.0,1214.0,15389.0,63487.0,28660.0,63903.0,27980.0,21483.0,1349.0,112014.0,111625.0,1852.0,1542.0,9894.0,9305.0
324,thsr,Taoyuan,高鐵桃園站,4,2287.0,257875.0,158.0,3383.0,8081.0,4092.0,3989.0,1338.0,5913.0,832.0,384.0,497.0,620.0,718.0,819.0,721.0,598.0,601.0,533.0,422.0,86.0,713.0,2286.0,735.0,1764.0,589.0,485.0,73.0,3431.0,3909.0,107.0,31.0,942.0,364.0
325,train,R1,台鐵鳳鳴站,47,21911.0,1880870.0,1427.0,29077.0,78775.0,39012.0,39767.0,11010.0,57094.0,10676.0,4274.0,5093.0,5591.0,5837.0,7305.0,6764.0,5481.0,5532.0,5739.0,5470.0,299.0,4103.0,18743.0,7436.0,20881.0,8860.0,6816.0,498.0,34554.0,33695.0,711.0,508.0,3554.0,3371.0
326,train,R2,台鐵桃園站,81,41322.0,3970100.0,2686.0,55206.0,145813.0,71027.0,74790.0,21723.0,105157.0,18934.0,8246.0,9354.0,9958.0,10348.0,13219.0,12747.0,10961.0,10590.0,10304.0,9418.0,743.0,9361.0,37686.0,14993.0,36613.0,13101.0,10584.0,778.0,64320.0,62656.0,1376.0,841.0,6853.0,5794.0
327,train,R3,台鐵國際路站,70,32275.0,3064591.0,2295.0,43505.0,114960.0,56145.0,58824.0,16741.0,83240.0,14982.0,6634.0,7506.0,7959.0,8130.0,10206.0,10004.0,8924.0,8514.0,8120.0,7246.0,583.0,7321.0,29873.0,11767.0,29257.0,10140.0,8435.0,661.0,50601.0,49293.0,1080.0,677.0,5163.0,4454.0
328,train,R4,台鐵永豐路站,47,25103.0,2370021.0,1524.0,33501.0,89689.0,43958.0,45731.0,13474.0,66352.0,9862.0,5281.0,6057.0,6375.0,6615.0,8317.0,8130.0,7199.0,6748.0,6342.0,5295.0,467.0,5433.0,23289.0,9106.0,23678.0,7810.0,5833.0,467.0,39514.0,38345.0,887.0,473.0,3925.0,3335.0
329,train,R5,台鐵內壢站,44,22132.0,2020893.0,1382.0,30014.0,80401.0,39517.0,40884.0,12156.0,59349.0,8893.0,4683.0,5353.0,5742.0,6069.0,7545.0,7252.0,6407.0,6007.0,5600.0,4702.0,412.0,4494.0,20314.0,8019.0,21815.0,7200.0,5438.0,430.0,35480.0,34042.0,801.0,448.0,3443.0,2905.0
330,train,R6,台鐵中原大學站,74,34739.0,3297995.0,2438.0,46626.0,123821.0,60451.0,63368.0,18634.0,89809.0,15375.0,6926.0,8068.0,8817.0,9076.0,11102.0,10830.0,9535.0,9127.0,8762.0,7573.0,786.0,8035.0,32788.0,12986.0,32383.0,9770.0,7722.0,548.0,54401.0,53356.0,1212.0,696.0,5224.0,4604.0
331,train,R7,台鐵中壢站,67,32243.0,3101584.0,2231.0,43000.0,114478.0,56162.0,58317.0,17118.0,82847.0,14515.0,6330.0,7408.0,8194.0,8446.0,10346.0,9801.0,8453.0,8342.0,8208.0,7314.0,744.0,7733.0,30614.0,11976.0,29966.0,8738.0,6972.0,472.0,50270.0,49685.0,1135.0,638.0,5022.0,4694.0
332,train,R8,台鐵平鎮站(未確定站址),57,26536.0,2567001.0,1897.0,34696.0,94117.0,46436.0,47681.0,14103.0,67958.0,12060.0,5207.0,6040.0,6770.0,7015.0,8622.0,8042.0,6772.0,6646.0,6705.0,6133.0,587.0,6326.0,25138.0,9718.0,24675.0,7284.0,5811.0,364.0,41220.0,41275.0,954.0,502.0,4227.0,3998.0
333,train,R9,台鐵埔心站,22,11299.0,1016846.0,681.0,14358.0,39912.0,19817.0,20092.0,6499.0,29472.0,3943.0,2343.0,2780.0,2942.0,3161.0,3987.0,3545.0,2971.0,2788.0,2755.0,2200.0,147.0,2042.0,10249.0,4053.0,11098.0,3287.0,2350.0,140.0,17529.0,17579.0,454.0,169.0,2096.0,1413.0
334,train,R10,台鐵楊梅站,23,9288.0,823292.0,702.0,11564.0,32515.0,16229.0,16281.0,5023.0,23893.0,3599.0,1972.0,2386.0,2475.0,2382.0,2875.0,2690.0,2405.0,2420.0,2389.0,1897.0,116.0,1572.0,8238.0,3259.0,9364.0,2764.0,1972.0,166.0,14232.0,14214.0,344.0,182.0,1562.0,1064.0
335,train,R11,台鐵富岡站,4,1316.0,105884.0,112.0,1606.0,4791.0,2503.0,2288.0,581.0,3466.0,745.0,290.0,345.0,365.0,351.0,393.0,398.0,315.0,348.0,360.0,302.0,8.0,174.0,1142.0,421.0,1433.0,478.0,469.0,75.0,1962.0,2220.0,52.0,32.0,162.0,131.0
